{
    "counter": {
        "ACTIVE": 45037,
        "INACTIVE": 7605,
        "INVALID": 6,
        "MALICIOUS": 0,
        "SANE": 0,
        "VALID": 0,
        "total": 52648
    },
    "percentage": {
        "ACTIVE": 85.54361039355722,
        "INACTIVE": 14.444993162133414,
        "INVALID": 0.011396444309375475,
        "MALICIOUS": 0.0,
        "SANE": 0.0,
        "VALID": 0.0,
        "total": 100.0
    }
}