{
    "counter": {
        "ACTIVE": 20032,
        "INACTIVE": 3591,
        "INVALID": 2,
        "MALICIOUS": 0,
        "SANE": 0,
        "VALID": 0,
        "total": 23625
    },
    "percentage": {
        "ACTIVE": 84.7915343915344,
        "INACTIVE": 15.207724558505907,
        "INVALID": 0.014702639123722707,
        "MALICIOUS": 0,
        "SANE": 0,
        "VALID": 0,
        "total": 100.01396158916403
    }
}