{
    "counter": {
        "ACTIVE": 44282,
        "INACTIVE": 7486,
        "INVALID": 6,
        "MALICIOUS": 0,
        "SANE": 0,
        "VALID": 0,
        "total": 51774
    },
    "percentage": {
        "ACTIVE": 85.52941630934446,
        "INACTIVE": 14.45899486228609,
        "INVALID": 0.011588828369451848,
        "MALICIOUS": 0.0,
        "SANE": 0.0,
        "VALID": 0.0,
        "total": 100.0
    }
}