{
    "counter": {
        "ACTIVE": 30294,
        "INACTIVE": 4792,
        "INVALID": 4,
        "MALICIOUS": 0,
        "SANE": 0,
        "VALID": 0,
        "total": 35090
    },
    "percentage": {
        "ACTIVE": 86.33228840125392,
        "INACTIVE": 13.668777454503966,
        "INVALID": 0.012046741356463078,
        "MALICIOUS": 0.0,
        "SANE": 0.0,
        "VALID": 0.0,
        "total": 100.01311259711434
    }
}