{
    "counter": {
        "ACTIVE": 17998,
        "INACTIVE": 3477,
        "INVALID": 2,
        "MALICIOUS": 0,
        "SANE": 0,
        "VALID": 0,
        "total": 21477
    },
    "percentage": {
        "ACTIVE": 83.80127578339619,
        "INACTIVE": 16.26286248830683,
        "INVALID": 0.014702639123722707,
        "MALICIOUS": 0,
        "SANE": 0,
        "VALID": 0,
        "total": 100.07884091082676
    }
}