{
    "counter": {
        "ACTIVE": 35015,
        "INACTIVE": 5344,
        "INVALID": 4,
        "MALICIOUS": 0,
        "SANE": 0,
        "VALID": 0,
        "total": 40363
    },
    "percentage": {
        "ACTIVE": 86.7502415578624,
        "INACTIVE": 13.23984837598791,
        "INVALID": 0.00991006614969155,
        "MALICIOUS": 0.0,
        "SANE": 0.0,
        "VALID": 0.0,
        "total": 99.99999999999999
    }
}