{
    "counter": {
        "ACTIVE": 22663,
        "INACTIVE": 3726,
        "INVALID": 2,
        "MALICIOUS": 0,
        "SANE": 0,
        "VALID": 0,
        "total": 26391
    },
    "percentage": {
        "ACTIVE": 85.87397218748816,
        "INACTIVE": 14.141490815242143,
        "INVALID": 0.014702639123722707,
        "MALICIOUS": 0,
        "SANE": 0,
        "VALID": 0,
        "total": 100.03016564185404
    }
}