{
    "counter": {
        "ACTIVE": 27617,
        "INACTIVE": 4652,
        "INVALID": 4,
        "MALICIOUS": 0,
        "SANE": 0,
        "VALID": 0,
        "total": 32273
    },
    "percentage": {
        "ACTIVE": 85.57307966411551,
        "INACTIVE": 14.41452607442754,
        "INVALID": 0.012394261456945435,
        "MALICIOUS": 0.0,
        "SANE": 0.0,
        "VALID": 0.0,
        "total": 100.0
    }
}