{
    "counter": {
        "ACTIVE": 47432,
        "INACTIVE": 7839,
        "INVALID": 6,
        "MALICIOUS": 0,
        "SANE": 0,
        "VALID": 0,
        "total": 55277
    },
    "percentage": {
        "ACTIVE": 85.80784051232882,
        "INACTIVE": 14.181305063588834,
        "INVALID": 0.010854424082348898,
        "MALICIOUS": 0.0,
        "SANE": 0.0,
        "VALID": 0.0,
        "total": 100.00000000000001
    }
}