{
    "counter": {
        "ACTIVE": 18939,
        "INACTIVE": 3525,
        "INVALID": 2,
        "MALICIOUS": 0,
        "SANE": 0,
        "VALID": 0,
        "total": 22466
    },
    "percentage": {
        "ACTIVE": 84.30072108964657,
        "INACTIVE": 15.699461096512715,
        "INVALID": 0.014702639123722707,
        "MALICIOUS": 0,
        "SANE": 0,
        "VALID": 0,
        "total": 100.01488482528302
    }
}