{
    "counter": {
        "ACTIVE": 42945,
        "INACTIVE": 7056,
        "INVALID": 6,
        "MALICIOUS": 0,
        "SANE": 0,
        "VALID": 0,
        "total": 50007
    },
    "percentage": {
        "ACTIVE": 85.87797708320835,
        "INACTIVE": 14.110024596556482,
        "INVALID": 0.011998320235167077,
        "MALICIOUS": 0.0,
        "SANE": 0.0,
        "VALID": 0.0,
        "total": 100.0
    }
}