{
    "counter": {
        "ACTIVE": 22674,
        "INACTIVE": 3726,
        "INVALID": 2,
        "MALICIOUS": 0,
        "SANE": 0,
        "VALID": 0,
        "total": 26402
    },
    "percentage": {
        "ACTIVE": 85.87985758654648,
        "INACTIVE": 14.141490815242143,
        "INVALID": 0.014702639123722707,
        "MALICIOUS": 0,
        "SANE": 0,
        "VALID": 0,
        "total": 100.03605104091235
    }
}