{
    "counter": {
        "ACTIVE": 34343,
        "INACTIVE": 5323,
        "INVALID": 4,
        "MALICIOUS": 0,
        "SANE": 0,
        "VALID": 0,
        "total": 39670
    },
    "percentage": {
        "ACTIVE": 86.57171666246533,
        "INACTIVE": 13.418200151247794,
        "INVALID": 0.01008318628686665,
        "MALICIOUS": 0.0,
        "SANE": 0.0,
        "VALID": 0.0,
        "total": 99.99999999999999
    }
}