{
    "counter": {
        "ACTIVE": 22599,
        "INACTIVE": 3720,
        "INVALID": 2,
        "MALICIOUS": 0,
        "SANE": 0,
        "VALID": 0,
        "total": 26321
    },
    "percentage": {
        "ACTIVE": 85.86246200607903,
        "INACTIVE": 14.133201626078037,
        "INVALID": 0.014702639123722707,
        "MALICIOUS": 0,
        "SANE": 0,
        "VALID": 0,
        "total": 100.01036627128079
    }
}