{
    "counter": {
        "ACTIVE": 40437,
        "INACTIVE": 6520,
        "INVALID": 6,
        "MALICIOUS": 0,
        "SANE": 0,
        "VALID": 0,
        "total": 46963
    },
    "percentage": {
        "ACTIVE": 86.10395417669228,
        "INACTIVE": 13.883269808146839,
        "INVALID": 0.012776015160871325,
        "MALICIOUS": 0.0,
        "SANE": 0.0,
        "VALID": 0.0,
        "total": 99.99999999999999
    }
}