{
    "counter": {
        "ACTIVE": 23516,
        "INACTIVE": 3773,
        "INVALID": 2,
        "MALICIOUS": 0,
        "SANE": 0,
        "VALID": 0,
        "total": 27291
    },
    "percentage": {
        "ACTIVE": 86.1676010406361,
        "INACTIVE": 13.873873873873874,
        "INVALID": 0.014702639123722707,
        "MALICIOUS": 0,
        "SANE": 0,
        "VALID": 0,
        "total": 100.0561775536337
    }
}