{
    "counter": {
        "ACTIVE": 48397,
        "INACTIVE": 8175,
        "INVALID": 6,
        "MALICIOUS": 0,
        "SANE": 0,
        "VALID": 0,
        "total": 56578
    },
    "percentage": {
        "ACTIVE": 85.54031602389621,
        "INACTIVE": 14.44907914737177,
        "INVALID": 0.010604828732015978,
        "MALICIOUS": 0.0,
        "SANE": 0.0,
        "VALID": 0.0,
        "total": 99.99999999999999
    }
}