{
    "counter": {
        "ACTIVE": 29081,
        "INACTIVE": 4728,
        "INVALID": 4,
        "MALICIOUS": 0,
        "SANE": 0,
        "VALID": 0,
        "total": 33813
    },
    "percentage": {
        "ACTIVE": 86.00538254517494,
        "INACTIVE": 13.998105163429654,
        "INVALID": 0.012046741356463078,
        "MALICIOUS": 0.0,
        "SANE": 0.0,
        "VALID": 0.0,
        "total": 100.01553444996105
    }
}