{
    "counter": {
        "ACTIVE": 26028,
        "INACTIVE": 4622,
        "INVALID": 3,
        "MALICIOUS": 0,
        "SANE": 0,
        "VALID": 0,
        "total": 30653
    },
    "percentage": {
        "ACTIVE": 84.91175415130657,
        "INACTIVE": 15.078458878413207,
        "INVALID": 0.009786970280233582,
        "MALICIOUS": 0.0,
        "SANE": 0.0,
        "VALID": 0.0,
        "total": 100.0
    }
}