{
    "counter": {
        "ACTIVE": 25809,
        "INACTIVE": 4615,
        "INVALID": 3,
        "MALICIOUS": 0,
        "SANE": 0,
        "VALID": 0,
        "total": 30427
    },
    "percentage": {
        "ACTIVE": 84.82269037368127,
        "INACTIVE": 15.167449962204621,
        "INVALID": 0.00985966411410918,
        "MALICIOUS": 0.0,
        "SANE": 0.0,
        "VALID": 0.0,
        "total": 99.99999999999999
    }
}