{
    "counter": {
        "ACTIVE": 41885,
        "INACTIVE": 6553,
        "INVALID": 6,
        "MALICIOUS": 0,
        "SANE": 0,
        "VALID": 0,
        "total": 48444
    },
    "percentage": {
        "ACTIVE": 86.46065560234497,
        "INACTIVE": 13.526958962926265,
        "INVALID": 0.01238543472875898,
        "MALICIOUS": 0.0,
        "SANE": 0.0,
        "VALID": 0.0,
        "total": 99.99999999999999
    }
}