{
    "counter": {
        "ACTIVE": 24929,
        "INACTIVE": 4061,
        "INVALID": 2,
        "MALICIOUS": 0,
        "SANE": 0,
        "VALID": 0,
        "total": 28992
    },
    "percentage": {
        "ACTIVE": 85.98578918322296,
        "INACTIVE": 14.007312362030905,
        "INVALID": 0.006898454746136865,
        "MALICIOUS": 0.0,
        "SANE": 0.0,
        "VALID": 0.0,
        "total": 100.0
    }
}