{
    "counter": {
        "ACTIVE": 39629,
        "INACTIVE": 6399,
        "INVALID": 6,
        "MALICIOUS": 0,
        "SANE": 0,
        "VALID": 0,
        "total": 46034
    },
    "percentage": {
        "ACTIVE": 86.08637094321588,
        "INACTIVE": 13.900595212234435,
        "INVALID": 0.01303384454968067,
        "MALICIOUS": 0.0,
        "SANE": 0.0,
        "VALID": 0.0,
        "total": 100.0
    }
}