{
    "counter": {
        "ACTIVE": 35671,
        "INACTIVE": 5358,
        "INVALID": 4,
        "MALICIOUS": 0,
        "SANE": 0,
        "VALID": 0,
        "total": 41033
    },
    "percentage": {
        "ACTIVE": 86.9324689883752,
        "INACTIVE": 13.057782760217385,
        "INVALID": 0.009748251407403798,
        "MALICIOUS": 0.0,
        "SANE": 0.0,
        "VALID": 0.0,
        "total": 99.99999999999999
    }
}