{
    "counter": {
        "ACTIVE": 33159,
        "INACTIVE": 5245,
        "INVALID": 4,
        "MALICIOUS": 0,
        "SANE": 0,
        "VALID": 0,
        "total": 38408
    },
    "percentage": {
        "ACTIVE": 86.33357633826286,
        "INACTIVE": 13.656009164757343,
        "INVALID": 0.010414496979795875,
        "MALICIOUS": 0.0,
        "SANE": 0.0,
        "VALID": 0.0,
        "total": 100.0
    }
}