{
    "counter": {
        "ACTIVE": 26328,
        "INACTIVE": 4637,
        "INVALID": 3,
        "MALICIOUS": 0,
        "SANE": 0,
        "VALID": 0,
        "total": 30968
    },
    "percentage": {
        "ACTIVE": 85.01679152673728,
        "INACTIVE": 14.973521053991217,
        "INVALID": 0.00968741927150607,
        "MALICIOUS": 0.0,
        "SANE": 0.0,
        "VALID": 0.0,
        "total": 100.0
    }
}