{
    "counter": {
        "ACTIVE": 27324,
        "INACTIVE": 4646,
        "INVALID": 4,
        "MALICIOUS": 0,
        "SANE": 0,
        "VALID": 0,
        "total": 31974
    },
    "percentage": {
        "ACTIVE": 85.45693375867893,
        "INACTIVE": 14.53055607681241,
        "INVALID": 0.01251016450866329,
        "MALICIOUS": 0.0,
        "SANE": 0.0,
        "VALID": 0.0,
        "total": 100.00000000000001
    }
}