{
    "counter": {
        "ACTIVE": 25482,
        "INACTIVE": 4575,
        "INVALID": 3,
        "MALICIOUS": 0,
        "SANE": 0,
        "VALID": 0,
        "total": 30060
    },
    "percentage": {
        "ACTIVE": 84.77045908183632,
        "INACTIVE": 15.219560878243513,
        "INVALID": 0.00998003992015968,
        "MALICIOUS": 0.0,
        "SANE": 0.0,
        "VALID": 0.0,
        "total": 100.0
    }
}