{
    "counter": {
        "ACTIVE": 18296,
        "INACTIVE": 3483,
        "INVALID": 2,
        "MALICIOUS": 0,
        "SANE": 0,
        "VALID": 0,
        "total": 21781
    },
    "percentage": {
        "ACTIVE": 83.99981635370277,
        "INACTIVE": 15.999081304547543,
        "INVALID": 0.014702639123722707,
        "MALICIOUS": 0,
        "SANE": 0,
        "VALID": 0,
        "total": 100.01360029737404
    }
}