{
    "counter": {
        "ACTIVE": 30788,
        "INACTIVE": 4954,
        "INVALID": 4,
        "MALICIOUS": 0,
        "SANE": 0,
        "VALID": 0,
        "total": 35746
    },
    "percentage": {
        "ACTIVE": 86.12991663402899,
        "INACTIVE": 13.883361824958664,
        "INVALID": 0.012046741356463078,
        "MALICIOUS": 0.0,
        "SANE": 0.0,
        "VALID": 0.0,
        "total": 100.02532520034411
    }
}