{
    "counter": {
        "ACTIVE": 18412,
        "INACTIVE": 3485,
        "INVALID": 2,
        "MALICIOUS": 0,
        "SANE": 0,
        "VALID": 0,
        "total": 21899
    },
    "percentage": {
        "ACTIVE": 84.07689848851545,
        "INACTIVE": 15.924876622189728,
        "INVALID": 0.014702639123722707,
        "MALICIOUS": 0,
        "SANE": 0,
        "VALID": 0,
        "total": 100.01647774982891
    }
}