{
    "counter": {
        "ACTIVE": 21549,
        "INACTIVE": 3680,
        "INVALID": 2,
        "MALICIOUS": 0,
        "SANE": 0,
        "VALID": 0,
        "total": 25231
    },
    "percentage": {
        "ACTIVE": 85.40684079109033,
        "INACTIVE": 14.59622402030779,
        "INVALID": 0.014702639123722707,
        "MALICIOUS": 0,
        "SANE": 0,
        "VALID": 0,
        "total": 100.01776745052184
    }
}