{
    "counter": {
        "ACTIVE": 47247,
        "INACTIVE": 7784,
        "INVALID": 6,
        "MALICIOUS": 0,
        "SANE": 0,
        "VALID": 0,
        "total": 55037
    },
    "percentage": {
        "ACTIVE": 85.84588549521231,
        "INACTIVE": 14.143212747787851,
        "INVALID": 0.010901756999836474,
        "MALICIOUS": 0.0,
        "SANE": 0.0,
        "VALID": 0.0,
        "total": 100.00000000000001
    }
}