{
    "counter": {
        "ACTIVE": 30688,
        "INACTIVE": 4952,
        "INVALID": 4,
        "MALICIOUS": 0,
        "SANE": 0,
        "VALID": 0,
        "total": 35644
    },
    "percentage": {
        "ACTIVE": 86.09583660644148,
        "INACTIVE": 13.896450119264768,
        "INVALID": 0.012046741356463078,
        "MALICIOUS": 0.0,
        "SANE": 0.0,
        "VALID": 0.0,
        "total": 100.00433346706271
    }
}