{
    "counter": {
        "ACTIVE": 47117,
        "INACTIVE": 7766,
        "INVALID": 6,
        "MALICIOUS": 0,
        "SANE": 0,
        "VALID": 0,
        "total": 54889
    },
    "percentage": {
        "ACTIVE": 85.84051449288565,
        "INACTIVE": 14.148554355153127,
        "INVALID": 0.010931151961230848,
        "MALICIOUS": 0.0,
        "SANE": 0.0,
        "VALID": 0.0,
        "total": 100.0
    }
}