{
    "counter": {
        "ACTIVE": 36458,
        "INACTIVE": 5384,
        "INVALID": 4,
        "MALICIOUS": 0,
        "SANE": 0,
        "VALID": 0,
        "total": 41846
    },
    "percentage": {
        "ACTIVE": 87.12421736844621,
        "INACTIVE": 12.866223772881519,
        "INVALID": 0.009558858672274531,
        "MALICIOUS": 0.0,
        "SANE": 0.0,
        "VALID": 0.0,
        "total": 100.0
    }
}