{
    "counter": {
        "ACTIVE": 50425,
        "INACTIVE": 9312,
        "INVALID": 6,
        "MALICIOUS": 0,
        "SANE": 0,
        "VALID": 0,
        "total": 59743
    },
    "percentage": {
        "ACTIVE": 84.40319367959427,
        "INACTIVE": 15.586763302813718,
        "INVALID": 0.010043017592019149,
        "MALICIOUS": 0.0,
        "SANE": 0.0,
        "VALID": 0.0,
        "total": 100.00000000000001
    }
}