{
    "counter": {
        "ACTIVE": 34660,
        "INACTIVE": 5338,
        "INVALID": 4,
        "MALICIOUS": 0,
        "SANE": 0,
        "VALID": 0,
        "total": 40002
    },
    "percentage": {
        "ACTIVE": 86.64566771661417,
        "INACTIVE": 13.344332783360832,
        "INVALID": 0.00999950002499875,
        "MALICIOUS": 0.0,
        "SANE": 0.0,
        "VALID": 0.0,
        "total": 100.0
    }
}