{
    "counter": {
        "ACTIVE": 49235,
        "INACTIVE": 8331,
        "INVALID": 6,
        "MALICIOUS": 0,
        "SANE": 0,
        "VALID": 0,
        "total": 57572
    },
    "percentage": {
        "ACTIVE": 85.51900229278121,
        "INACTIVE": 14.470575974432016,
        "INVALID": 0.010421732786771347,
        "MALICIOUS": 0.0,
        "SANE": 0.0,
        "VALID": 0.0,
        "total": 100.0
    }
}