{
    "counter": {
        "ACTIVE": 26963,
        "INACTIVE": 4643,
        "INVALID": 4,
        "MALICIOUS": 0,
        "SANE": 0,
        "VALID": 0,
        "total": 31610
    },
    "percentage": {
        "ACTIVE": 85.29895602657388,
        "INACTIVE": 14.68838975007909,
        "INVALID": 0.012654223347042075,
        "MALICIOUS": 0.0,
        "SANE": 0.0,
        "VALID": 0.0,
        "total": 100.00000000000001
    }
}