{
    "counter": {
        "ACTIVE": 47951,
        "INACTIVE": 8054,
        "INVALID": 6,
        "MALICIOUS": 0,
        "SANE": 0,
        "VALID": 0,
        "total": 56011
    },
    "percentage": {
        "ACTIVE": 85.60996947028262,
        "INACTIVE": 14.379318348181608,
        "INVALID": 0.01071218153576976,
        "MALICIOUS": 0.0,
        "SANE": 0.0,
        "VALID": 0.0,
        "total": 100.0
    }
}