{
    "counter": {
        "ACTIVE": 28599,
        "INACTIVE": 4702,
        "INVALID": 4,
        "MALICIOUS": 0,
        "SANE": 0,
        "VALID": 0,
        "total": 33305
    },
    "percentage": {
        "ACTIVE": 85.8699894910674,
        "INACTIVE": 14.160944464522347,
        "INVALID": 0.012046741356463078,
        "MALICIOUS": 0.0,
        "SANE": 0.0,
        "VALID": 0.0,
        "total": 100.0429806969462
    }
}