{
    "counter": {
        "ACTIVE": 40431,
        "INACTIVE": 6520,
        "INVALID": 6,
        "MALICIOUS": 0,
        "SANE": 0,
        "VALID": 0,
        "total": 46957
    },
    "percentage": {
        "ACTIVE": 86.10217858892177,
        "INACTIVE": 13.88504376344315,
        "INVALID": 0.012777647635070383,
        "MALICIOUS": 0.0,
        "SANE": 0.0,
        "VALID": 0.0,
        "total": 100.0
    }
}