{
    "counter": {
        "ACTIVE": 37652,
        "INACTIVE": 6156,
        "INVALID": 6,
        "MALICIOUS": 0,
        "SANE": 0,
        "VALID": 0,
        "total": 43814
    },
    "percentage": {
        "ACTIVE": 85.93600219108048,
        "INACTIVE": 14.050303555941023,
        "INVALID": 0.013694252978500023,
        "MALICIOUS": 0.0,
        "SANE": 0.0,
        "VALID": 0.0,
        "total": 100.0
    }
}