{
    "counter": {
        "ACTIVE": 45587,
        "INACTIVE": 7671,
        "INVALID": 6,
        "MALICIOUS": 0,
        "SANE": 0,
        "VALID": 0,
        "total": 53264
    },
    "percentage": {
        "ACTIVE": 85.58688795434064,
        "INACTIVE": 14.401847401622108,
        "INVALID": 0.011264644037248422,
        "MALICIOUS": 0.0,
        "SANE": 0.0,
        "VALID": 0.0,
        "total": 100.0
    }
}