{
    "counter": {
        "ACTIVE": 35010,
        "INACTIVE": 5344,
        "INVALID": 4,
        "MALICIOUS": 0,
        "SANE": 0,
        "VALID": 0,
        "total": 40358
    },
    "percentage": {
        "ACTIVE": 86.74860002973388,
        "INACTIVE": 13.241488676346696,
        "INVALID": 0.00991129391942118,
        "MALICIOUS": 0.0,
        "SANE": 0.0,
        "VALID": 0.0,
        "total": 99.99999999999999
    }
}