{
    "counter": {
        "ACTIVE": 30798,
        "INACTIVE": 4954,
        "INVALID": 4,
        "MALICIOUS": 0,
        "SANE": 0,
        "VALID": 0,
        "total": 35756
    },
    "percentage": {
        "ACTIVE": 86.13379572659134,
        "INACTIVE": 13.883361824958664,
        "INVALID": 0.012046741356463078,
        "MALICIOUS": 0.0,
        "SANE": 0.0,
        "VALID": 0.0,
        "total": 100.02920429290647
    }
}