{
    "counter": {
        "ACTIVE": 17968,
        "INACTIVE": 3477,
        "INVALID": 2,
        "MALICIOUS": 0,
        "SANE": 0,
        "VALID": 0,
        "total": 21447
    },
    "percentage": {
        "ACTIVE": 83.77861705599851,
        "INACTIVE": 16.26286248830683,
        "INVALID": 0.014702639123722707,
        "MALICIOUS": 0,
        "SANE": 0,
        "VALID": 0,
        "total": 100.05618218342906
    }
}