{
    "counter": {
        "ACTIVE": 21721,
        "INACTIVE": 3681,
        "INVALID": 2,
        "MALICIOUS": 0,
        "SANE": 0,
        "VALID": 0,
        "total": 25404
    },
    "percentage": {
        "ACTIVE": 85.50228310502283,
        "INACTIVE": 14.55285838538784,
        "INVALID": 0.014702639123722707,
        "MALICIOUS": 0,
        "SANE": 0,
        "VALID": 0,
        "total": 100.06984412953439
    }
}