{
    "counter": {
        "ACTIVE": 27259,
        "INACTIVE": 4646,
        "INVALID": 4,
        "MALICIOUS": 0,
        "SANE": 0,
        "VALID": 0,
        "total": 31909
    },
    "percentage": {
        "ACTIVE": 85.427308909712,
        "INACTIVE": 14.560155442038296,
        "INVALID": 0.012535648249710114,
        "MALICIOUS": 0.0,
        "SANE": 0.0,
        "VALID": 0.0,
        "total": 100.0
    }
}