{
    "counter": {
        "ACTIVE": 17144,
        "INACTIVE": 3456,
        "INVALID": 2,
        "MALICIOUS": 0,
        "SANE": 0,
        "VALID": 0,
        "total": 20602
    },
    "percentage": {
        "ACTIVE": 83.21522182312397,
        "INACTIVE": 16.798716764691587,
        "INVALID": 0.014702639123722707,
        "MALICIOUS": 0,
        "SANE": 0,
        "VALID": 0,
        "total": 100.02864122693929
    }
}