{
    "counter": {
        "ACTIVE": 33906,
        "INACTIVE": 5314,
        "INVALID": 4,
        "MALICIOUS": 0,
        "SANE": 0,
        "VALID": 0,
        "total": 39224
    },
    "percentage": {
        "ACTIVE": 86.4419743014481,
        "INACTIVE": 13.547827860493575,
        "INVALID": 0.010197838058331634,
        "MALICIOUS": 0.0,
        "SANE": 0.0,
        "VALID": 0.0,
        "total": 100.0
    }
}