{
    "counter": {
        "ACTIVE": 20351,
        "INACTIVE": 3607,
        "INVALID": 2,
        "MALICIOUS": 0,
        "SANE": 0,
        "VALID": 0,
        "total": 23960
    },
    "percentage": {
        "ACTIVE": 84.93739565943238,
        "INACTIVE": 15.172674883270938,
        "INVALID": 0.014702639123722707,
        "MALICIOUS": 0,
        "SANE": 0,
        "VALID": 0,
        "total": 100.12477318182705
    }
}