{
    "counter": {
        "ACTIVE": 34614,
        "INACTIVE": 5336,
        "INVALID": 4,
        "MALICIOUS": 0,
        "SANE": 0,
        "VALID": 0,
        "total": 39954
    },
    "percentage": {
        "ACTIVE": 86.63462982429795,
        "INACTIVE": 13.355358662461832,
        "INVALID": 0.01001151324022626,
        "MALICIOUS": 0.0,
        "SANE": 0.0,
        "VALID": 0.0,
        "total": 100.00000000000001
    }
}