{
    "counter": {
        "ACTIVE": 19900,
        "INACTIVE": 3578,
        "INVALID": 2,
        "MALICIOUS": 0,
        "SANE": 0,
        "VALID": 0,
        "total": 23480
    },
    "percentage": {
        "ACTIVE": 84.75298126064736,
        "INACTIVE": 15.243694614860258,
        "INVALID": 0.014702639123722707,
        "MALICIOUS": 0,
        "SANE": 0,
        "VALID": 0,
        "total": 100.01137851463135
    }
}