{
    "counter": {
        "ACTIVE": 22601,
        "INACTIVE": 3723,
        "INVALID": 2,
        "MALICIOUS": 0,
        "SANE": 0,
        "VALID": 0,
        "total": 26326
    },
    "percentage": {
        "ACTIVE": 85.85049000987617,
        "INACTIVE": 14.142450142450143,
        "INVALID": 0.014702639123722707,
        "MALICIOUS": 0,
        "SANE": 0,
        "VALID": 0,
        "total": 100.00764279145004
    }
}