{
    "counter": {
        "ACTIVE": 33931,
        "INACTIVE": 5314,
        "INVALID": 4,
        "MALICIOUS": 0,
        "SANE": 0,
        "VALID": 0,
        "total": 39249
    },
    "percentage": {
        "ACTIVE": 86.45061020662946,
        "INACTIVE": 13.539198450915947,
        "INVALID": 0.01019134245458483,
        "MALICIOUS": 0.0,
        "SANE": 0.0,
        "VALID": 0.0,
        "total": 100.0
    }
}