{
    "counter": {
        "ACTIVE": 16137,
        "INACTIVE": 3392,
        "INVALID": 2,
        "MALICIOUS": 0,
        "SANE": 0,
        "VALID": 0,
        "total": 19531
    },
    "percentage": {
        "ACTIVE": 82.62249756796886,
        "INACTIVE": 17.42346414629135,
        "INVALID": 0.014702639123722707,
        "MALICIOUS": 0,
        "SANE": 0,
        "VALID": 0,
        "total": 100.06066435338394
    }
}