{
    "counter": {
        "ACTIVE": 32152,
        "INACTIVE": 5189,
        "INVALID": 4,
        "MALICIOUS": 0,
        "SANE": 0,
        "VALID": 0,
        "total": 37345
    },
    "percentage": {
        "ACTIVE": 86.09452403266836,
        "INACTIVE": 13.894765028785647,
        "INVALID": 0.010710938545990093,
        "MALICIOUS": 0.0,
        "SANE": 0.0,
        "VALID": 0.0,
        "total": 99.99999999999999
    }
}