{
    "counter": {
        "ACTIVE": 27767,
        "INACTIVE": 4655,
        "INVALID": 4,
        "MALICIOUS": 0,
        "SANE": 0,
        "VALID": 0,
        "total": 32426
    },
    "percentage": {
        "ACTIVE": 85.63190032689816,
        "INACTIVE": 14.355763893172146,
        "INVALID": 0.012335779929686054,
        "MALICIOUS": 0.0,
        "SANE": 0.0,
        "VALID": 0.0,
        "total": 100.0
    }
}