{
    "counter": {
        "ACTIVE": 17723,
        "INACTIVE": 3474,
        "INVALID": 2,
        "MALICIOUS": 0,
        "SANE": 0,
        "VALID": 0,
        "total": 21199
    },
    "percentage": {
        "ACTIVE": 83.6030001415161,
        "INACTIVE": 16.389884883940365,
        "INVALID": 0.014702639123722707,
        "MALICIOUS": 0,
        "SANE": 0,
        "VALID": 0,
        "total": 100.0075876645802
    }
}