{
    "counter": {
        "ACTIVE": 28686,
        "INACTIVE": 4716,
        "INVALID": 4,
        "MALICIOUS": 0,
        "SANE": 0,
        "VALID": 0,
        "total": 33406
    },
    "percentage": {
        "ACTIVE": 85.87080165239777,
        "INACTIVE": 14.118069692252424,
        "INVALID": 0.012046741356463078,
        "MALICIOUS": 0.0,
        "SANE": 0.0,
        "VALID": 0.0,
        "total": 100.00091808600665
    }
}