{
    "counter": {
        "ACTIVE": 36655,
        "INACTIVE": 5386,
        "INVALID": 4,
        "MALICIOUS": 0,
        "SANE": 0,
        "VALID": 0,
        "total": 42045
    },
    "percentage": {
        "ACTIVE": 87.18040195029135,
        "INACTIVE": 12.810084433345226,
        "INVALID": 0.009513616363420145,
        "MALICIOUS": 0.0,
        "SANE": 0.0,
        "VALID": 0.0,
        "total": 100.0
    }
}