{
    "counter": {
        "ACTIVE": 29964,
        "INACTIVE": 4756,
        "INVALID": 4,
        "MALICIOUS": 0,
        "SANE": 0,
        "VALID": 0,
        "total": 34724
    },
    "percentage": {
        "ACTIVE": 86.29190185462504,
        "INACTIVE": 13.707236936910972,
        "INVALID": 0.012046741356463078,
        "MALICIOUS": 0.0,
        "SANE": 0.0,
        "VALID": 0.0,
        "total": 100.01118553289247
    }
}