{
    "counter": {
        "ACTIVE": 25006,
        "INACTIVE": 4070,
        "INVALID": 2,
        "MALICIOUS": 0,
        "SANE": 0,
        "VALID": 0,
        "total": 29078
    },
    "percentage": {
        "ACTIVE": 85.99628585184676,
        "INACTIVE": 13.996836096017608,
        "INVALID": 0.006878052135635188,
        "MALICIOUS": 0.0,
        "SANE": 0.0,
        "VALID": 0.0,
        "total": 100.0
    }
}