{
    "counter": {
        "ACTIVE": 18592,
        "INACTIVE": 3489,
        "INVALID": 2,
        "MALICIOUS": 0,
        "SANE": 0,
        "VALID": 0,
        "total": 22083
    },
    "percentage": {
        "ACTIVE": 84.1914594937282,
        "INACTIVE": 15.800199257313649,
        "INVALID": 0.014702639123722707,
        "MALICIOUS": 0,
        "SANE": 0,
        "VALID": 0,
        "total": 100.00636139016558
    }
}