{
    "counter": {
        "ACTIVE": 50124,
        "INACTIVE": 8984,
        "INVALID": 6,
        "MALICIOUS": 0,
        "SANE": 0,
        "VALID": 0,
        "total": 59114
    },
    "percentage": {
        "ACTIVE": 84.79209662685658,
        "INACTIVE": 15.19775349325033,
        "INVALID": 0.010149879893087932,
        "MALICIOUS": 0.0,
        "SANE": 0.0,
        "VALID": 0.0,
        "total": 100.0
    }
}