{
    "counter": {
        "ACTIVE": 36266,
        "INACTIVE": 5376,
        "INVALID": 4,
        "MALICIOUS": 0,
        "SANE": 0,
        "VALID": 0,
        "total": 41646
    },
    "percentage": {
        "ACTIVE": 87.08159246986506,
        "INACTIVE": 12.908802766172021,
        "INVALID": 0.009604763962925611,
        "MALICIOUS": 0.0,
        "SANE": 0.0,
        "VALID": 0.0,
        "total": 100.0
    }
}