{
    "counter": {
        "ACTIVE": 23828,
        "INACTIVE": 3789,
        "INVALID": 2,
        "MALICIOUS": 0,
        "SANE": 0,
        "VALID": 0,
        "total": 27619
    },
    "percentage": {
        "ACTIVE": 86.27394185162389,
        "INACTIVE": 13.773674070304263,
        "INVALID": 0.014702639123722707,
        "MALICIOUS": 0,
        "SANE": 0,
        "VALID": 0,
        "total": 100.06231856105188
    }
}