{
    "counter": {
        "ACTIVE": 19215,
        "INACTIVE": 3529,
        "INVALID": 2,
        "MALICIOUS": 0,
        "SANE": 0,
        "VALID": 0,
        "total": 22746
    },
    "percentage": {
        "ACTIVE": 84.47639145344236,
        "INACTIVE": 15.56545518701482,
        "INVALID": 0.014702639123722707,
        "MALICIOUS": 0,
        "SANE": 0,
        "VALID": 0,
        "total": 100.0565492795809
    }
}