{
    "counter": {
        "ACTIVE": 20053,
        "INACTIVE": 3596,
        "INVALID": 2,
        "MALICIOUS": 0,
        "SANE": 0,
        "VALID": 0,
        "total": 23651
    },
    "percentage": {
        "ACTIVE": 84.78711259566192,
        "INACTIVE": 15.21665538253216,
        "INVALID": 0.014702639123722707,
        "MALICIOUS": 0,
        "SANE": 0,
        "VALID": 0,
        "total": 100.0184706173178
    }
}