{
    "counter": {
        "ACTIVE": 18183,
        "INACTIVE": 3477,
        "INVALID": 2,
        "MALICIOUS": 0,
        "SANE": 0,
        "VALID": 0,
        "total": 21662
    },
    "percentage": {
        "ACTIVE": 83.93961776382605,
        "INACTIVE": 16.26286248830683,
        "INVALID": 0.014702639123722707,
        "MALICIOUS": 0,
        "SANE": 0,
        "VALID": 0,
        "total": 100.21718289125661
    }
}