{
    "counter": {
        "ACTIVE": 39258,
        "INACTIVE": 6365,
        "INVALID": 6,
        "MALICIOUS": 0,
        "SANE": 0,
        "VALID": 0,
        "total": 45629
    },
    "percentage": {
        "ACTIVE": 86.03738850292577,
        "INACTIVE": 13.949461964978413,
        "INVALID": 0.013149532095816258,
        "MALICIOUS": 0.0,
        "SANE": 0.0,
        "VALID": 0.0,
        "total": 99.99999999999999
    }
}