{
    "counter": {
        "ACTIVE": 30288,
        "INACTIVE": 4792,
        "INVALID": 4,
        "MALICIOUS": 0,
        "SANE": 0,
        "VALID": 0,
        "total": 35084
    },
    "percentage": {
        "ACTIVE": 86.32995097480332,
        "INACTIVE": 13.668777454503966,
        "INVALID": 0.012046741356463078,
        "MALICIOUS": 0.0,
        "SANE": 0.0,
        "VALID": 0.0,
        "total": 100.01077517066375
    }
}