{
    "counter": {
        "ACTIVE": 33923,
        "INACTIVE": 5314,
        "INVALID": 4,
        "MALICIOUS": 0,
        "SANE": 0,
        "VALID": 0,
        "total": 39241
    },
    "percentage": {
        "ACTIVE": 86.4478479141714,
        "INACTIVE": 13.541958665681303,
        "INVALID": 0.010193420147294921,
        "MALICIOUS": 0.0,
        "SANE": 0.0,
        "VALID": 0.0,
        "total": 100.0
    }
}