{
    "counter": {
        "ACTIVE": 37461,
        "INACTIVE": 6149,
        "INVALID": 6,
        "MALICIOUS": 0,
        "SANE": 0,
        "VALID": 0,
        "total": 43616
    },
    "percentage": {
        "ACTIVE": 85.888206162876,
        "INACTIVE": 14.098037417461482,
        "INVALID": 0.013756419662509171,
        "MALICIOUS": 0.0,
        "SANE": 0.0,
        "VALID": 0.0,
        "total": 100.0
    }
}