{
    "counter": {
        "ACTIVE": 32561,
        "INACTIVE": 5222,
        "INVALID": 4,
        "MALICIOUS": 0,
        "SANE": 0,
        "VALID": 0,
        "total": 37787
    },
    "percentage": {
        "ACTIVE": 86.1698467726996,
        "INACTIVE": 13.819567576150527,
        "INVALID": 0.010585651149866357,
        "MALICIOUS": 0.0,
        "SANE": 0.0,
        "VALID": 0.0,
        "total": 100.0
    }
}