{
    "counter": {
        "ACTIVE": 42973,
        "INACTIVE": 7134,
        "INVALID": 6,
        "MALICIOUS": 0,
        "SANE": 0,
        "VALID": 0,
        "total": 50113
    },
    "percentage": {
        "ACTIVE": 85.75220002793687,
        "INACTIVE": 14.235827030910142,
        "INVALID": 0.011972941152994233,
        "MALICIOUS": 0.0,
        "SANE": 0.0,
        "VALID": 0.0,
        "total": 100.0
    }
}