{
    "counter": {
        "ACTIVE": 38325,
        "INACTIVE": 6289,
        "INVALID": 6,
        "MALICIOUS": 0,
        "SANE": 0,
        "VALID": 0,
        "total": 44620
    },
    "percentage": {
        "ACTIVE": 85.89197669206634,
        "INACTIVE": 14.094576423128641,
        "INVALID": 0.01344688480502017,
        "MALICIOUS": 0.0,
        "SANE": 0.0,
        "VALID": 0.0,
        "total": 100.0
    }
}