{
    "counter": {
        "ACTIVE": 35948,
        "INACTIVE": 5368,
        "INVALID": 4,
        "MALICIOUS": 0,
        "SANE": 0,
        "VALID": 0,
        "total": 41320
    },
    "percentage": {
        "ACTIVE": 86.99903194578897,
        "INACTIVE": 12.991287512100678,
        "INVALID": 0.00968054211035818,
        "MALICIOUS": 0.0,
        "SANE": 0.0,
        "VALID": 0.0,
        "total": 100.00000000000001
    }
}