{
    "counter": {
        "ACTIVE": 17594,
        "INACTIVE": 3463,
        "INVALID": 2,
        "MALICIOUS": 0,
        "SANE": 0,
        "VALID": 0,
        "total": 21059
    },
    "percentage": {
        "ACTIVE": 83.54622726625196,
        "INACTIVE": 16.4740021882879,
        "INVALID": 0.014702639123722707,
        "MALICIOUS": 0,
        "SANE": 0,
        "VALID": 0,
        "total": 100.03493209366358
    }
}