{
    "counter": {
        "ACTIVE": 18697,
        "INACTIVE": 3504,
        "INVALID": 2,
        "MALICIOUS": 0,
        "SANE": 0,
        "VALID": 0,
        "total": 22203
    },
    "percentage": {
        "ACTIVE": 84.20934108003424,
        "INACTIVE": 15.78236194937393,
        "INVALID": 0.014702639123722707,
        "MALICIOUS": 0,
        "SANE": 0,
        "VALID": 0,
        "total": 100.0064056685319
    }
}