{
    "counter": {
        "ACTIVE": 48458,
        "INACTIVE": 8196,
        "INVALID": 6,
        "MALICIOUS": 0,
        "SANE": 0,
        "VALID": 0,
        "total": 56660
    },
    "percentage": {
        "ACTIVE": 85.52417931521356,
        "INACTIVE": 14.46523120367102,
        "INVALID": 0.010589481115425344,
        "MALICIOUS": 0.0,
        "SANE": 0.0,
        "VALID": 0.0,
        "total": 100.00000000000001
    }
}