{
    "counter": {
        "ACTIVE": 18462,
        "INACTIVE": 3485,
        "INVALID": 2,
        "MALICIOUS": 0,
        "SANE": 0,
        "VALID": 0,
        "total": 21949
    },
    "percentage": {
        "ACTIVE": 84.11317144289033,
        "INACTIVE": 15.924876622189728,
        "INVALID": 0.014702639123722707,
        "MALICIOUS": 0,
        "SANE": 0,
        "VALID": 0,
        "total": 100.05275070420379
    }
}