{
    "counter": {
        "ACTIVE": 19778,
        "INACTIVE": 3571,
        "INVALID": 2,
        "MALICIOUS": 0,
        "SANE": 0,
        "VALID": 0,
        "total": 23351
    },
    "percentage": {
        "ACTIVE": 84.6987281058627,
        "INACTIVE": 15.29336188436831,
        "INVALID": 0.014702639123722707,
        "MALICIOUS": 0,
        "SANE": 0,
        "VALID": 0,
        "total": 100.00679262935473
    }
}