{
    "counter": {
        "ACTIVE": 49275,
        "INACTIVE": 8338,
        "INVALID": 6,
        "MALICIOUS": 0,
        "SANE": 0,
        "VALID": 0,
        "total": 57619
    },
    "percentage": {
        "ACTIVE": 85.51866571790555,
        "INACTIVE": 14.470921050347975,
        "INVALID": 0.010413231746472518,
        "MALICIOUS": 0.0,
        "SANE": 0.0,
        "VALID": 0.0,
        "total": 100.0
    }
}