{
    "counter": {
        "ACTIVE": 30325,
        "INACTIVE": 4794,
        "INVALID": 4,
        "MALICIOUS": 0,
        "SANE": 0,
        "VALID": 0,
        "total": 35123
    },
    "percentage": {
        "ACTIVE": 86.33943569740626,
        "INACTIVE": 13.65889794290273,
        "INVALID": 0.012046741356463078,
        "MALICIOUS": 0.0,
        "SANE": 0.0,
        "VALID": 0.0,
        "total": 100.01038038166544
    }
}