{
    "counter": {
        "ACTIVE": 32213,
        "INACTIVE": 5198,
        "INVALID": 4,
        "MALICIOUS": 0,
        "SANE": 0,
        "VALID": 0,
        "total": 37415
    },
    "percentage": {
        "ACTIVE": 86.09648536683149,
        "INACTIVE": 13.892823733796606,
        "INVALID": 0.010690899371909661,
        "MALICIOUS": 0.0,
        "SANE": 0.0,
        "VALID": 0.0,
        "total": 100.0
    }
}