{
    "counter": {
        "ACTIVE": 17624,
        "INACTIVE": 3463,
        "INVALID": 2,
        "MALICIOUS": 0,
        "SANE": 0,
        "VALID": 0,
        "total": 21089
    },
    "percentage": {
        "ACTIVE": 83.56963345820095,
        "INACTIVE": 16.4740021882879,
        "INVALID": 0.014702639123722707,
        "MALICIOUS": 0,
        "SANE": 0,
        "VALID": 0,
        "total": 100.05833828561258
    }
}