{
    "counter": {
        "ACTIVE": 27083,
        "INACTIVE": 4646,
        "INVALID": 4,
        "MALICIOUS": 0,
        "SANE": 0,
        "VALID": 0,
        "total": 31733
    },
    "percentage": {
        "ACTIVE": 85.34648473198249,
        "INACTIVE": 14.64091009359342,
        "INVALID": 0.012605174424101093,
        "MALICIOUS": 0.0,
        "SANE": 0.0,
        "VALID": 0.0,
        "total": 100.0
    }
}