{
    "counter": {
        "ACTIVE": 20738,
        "INACTIVE": 3617,
        "INVALID": 2,
        "MALICIOUS": 0,
        "SANE": 0,
        "VALID": 0,
        "total": 24357
    },
    "percentage": {
        "ACTIVE": 85.14184833928645,
        "INACTIVE": 14.928391596846755,
        "INVALID": 0.014702639123722707,
        "MALICIOUS": 0,
        "SANE": 0,
        "VALID": 0,
        "total": 100.08494257525693
    }
}