{
    "counter": {
        "ACTIVE": 20340,
        "INACTIVE": 3607,
        "INVALID": 2,
        "MALICIOUS": 0,
        "SANE": 0,
        "VALID": 0,
        "total": 23949
    },
    "percentage": {
        "ACTIVE": 84.9304772641864,
        "INACTIVE": 15.172674883270938,
        "INVALID": 0.014702639123722707,
        "MALICIOUS": 0,
        "SANE": 0,
        "VALID": 0,
        "total": 100.11785478658106
    }
}