{
    "counter": {
        "ACTIVE": 42266,
        "INACTIVE": 6634,
        "INVALID": 6,
        "MALICIOUS": 0,
        "SANE": 0,
        "VALID": 0,
        "total": 48906
    },
    "percentage": {
        "ACTIVE": 86.42293379135485,
        "INACTIVE": 13.564797775324092,
        "INVALID": 0.0122684333210649,
        "MALICIOUS": 0.0,
        "SANE": 0.0,
        "VALID": 0.0,
        "total": 100.00000000000001
    }
}