{
    "counter": {
        "ACTIVE": 49279,
        "INACTIVE": 8338,
        "INVALID": 6,
        "MALICIOUS": 0,
        "SANE": 0,
        "VALID": 0,
        "total": 57623
    },
    "percentage": {
        "ACTIVE": 85.51967096471896,
        "INACTIVE": 14.469916526387033,
        "INVALID": 0.010412508894018013,
        "MALICIOUS": 0.0,
        "SANE": 0.0,
        "VALID": 0.0,
        "total": 100.00000000000001
    }
}