{
    "counter": {
        "ACTIVE": 17761,
        "INACTIVE": 3474,
        "INVALID": 2,
        "MALICIOUS": 0,
        "SANE": 0,
        "VALID": 0,
        "total": 21237
    },
    "percentage": {
        "ACTIVE": 83.63233978433865,
        "INACTIVE": 16.389884883940365,
        "INVALID": 0.014702639123722707,
        "MALICIOUS": 0,
        "SANE": 0,
        "VALID": 0,
        "total": 100.03692730740275
    }
}