{
    "counter": {
        "ACTIVE": 17183,
        "INACTIVE": 3458,
        "INVALID": 2,
        "MALICIOUS": 0,
        "SANE": 0,
        "VALID": 0,
        "total": 20643
    },
    "percentage": {
        "ACTIVE": 83.23887031923654,
        "INACTIVE": 16.77175283732661,
        "INVALID": 0.014702639123722707,
        "MALICIOUS": 0,
        "SANE": 0,
        "VALID": 0,
        "total": 100.02532579568688
    }
}