{
    "counter": {
        "ACTIVE": 34062,
        "INACTIVE": 5317,
        "INVALID": 4,
        "MALICIOUS": 0,
        "SANE": 0,
        "VALID": 0,
        "total": 39383
    },
    "percentage": {
        "ACTIVE": 86.48909427925754,
        "INACTIVE": 13.500749054160424,
        "INVALID": 0.010156666582027778,
        "MALICIOUS": 0.0,
        "SANE": 0.0,
        "VALID": 0.0,
        "total": 100.0
    }
}