{
    "counter": {
        "ACTIVE": 29024,
        "INACTIVE": 4727,
        "INVALID": 4,
        "MALICIOUS": 0,
        "SANE": 0,
        "VALID": 0,
        "total": 33755
    },
    "percentage": {
        "ACTIVE": 85.98429862242631,
        "INACTIVE": 14.123095309232149,
        "INVALID": 0.012046741356463078,
        "MALICIOUS": 0.0,
        "SANE": 0.0,
        "VALID": 0.0,
        "total": 100.11944067301492
    }
}