{
    "counter": {
        "ACTIVE": 32070,
        "INACTIVE": 5187,
        "INVALID": 4,
        "MALICIOUS": 0,
        "SANE": 0,
        "VALID": 0,
        "total": 37261
    },
    "percentage": {
        "ACTIVE": 86.06854351735058,
        "INACTIVE": 13.920721397708059,
        "INVALID": 0.010735084941359599,
        "MALICIOUS": 0.0,
        "SANE": 0.0,
        "VALID": 0.0,
        "total": 100.0
    }
}