{
    "counter": {
        "ACTIVE": 33262,
        "INACTIVE": 5253,
        "INVALID": 4,
        "MALICIOUS": 0,
        "SANE": 0,
        "VALID": 0,
        "total": 38519
    },
    "percentage": {
        "ACTIVE": 86.35218982839638,
        "INACTIVE": 13.637425686025079,
        "INVALID": 0.010384485578545653,
        "MALICIOUS": 0.0,
        "SANE": 0.0,
        "VALID": 0.0,
        "total": 100.0
    }
}