{
    "counter": {
        "ACTIVE": 49702,
        "INACTIVE": 8720,
        "INVALID": 6,
        "MALICIOUS": 0,
        "SANE": 0,
        "VALID": 0,
        "total": 58428
    },
    "percentage": {
        "ACTIVE": 85.06537961251455,
        "INACTIVE": 14.924351338399397,
        "INVALID": 0.010269049086054631,
        "MALICIOUS": 0.0,
        "SANE": 0.0,
        "VALID": 0.0,
        "total": 100.0
    }
}