{
    "counter": {
        "ACTIVE": 25745,
        "INACTIVE": 4609,
        "INVALID": 3,
        "MALICIOUS": 0,
        "SANE": 0,
        "VALID": 0,
        "total": 30357
    },
    "percentage": {
        "ACTIVE": 84.80745791744903,
        "INACTIVE": 15.182659683104392,
        "INVALID": 0.009882399446585631,
        "MALICIOUS": 0.0,
        "SANE": 0.0,
        "VALID": 0.0,
        "total": 100.0
    }
}