{
    "counter": {
        "ACTIVE": 51856,
        "INACTIVE": 9452,
        "INVALID": 6,
        "MALICIOUS": 0,
        "SANE": 0,
        "VALID": 0,
        "total": 61314
    },
    "percentage": {
        "ACTIVE": 84.57448543562644,
        "INACTIVE": 15.415728871057182,
        "INVALID": 0.009785693316371465,
        "MALICIOUS": 0.0,
        "SANE": 0.0,
        "VALID": 0.0,
        "total": 100.0
    }
}