{
    "counter": {
        "ACTIVE": 41938,
        "INACTIVE": 6554,
        "INVALID": 6,
        "MALICIOUS": 0,
        "SANE": 0,
        "VALID": 0,
        "total": 48498
    },
    "percentage": {
        "ACTIVE": 86.47366901727906,
        "INACTIVE": 13.513959338529425,
        "INVALID": 0.012371644191513051,
        "MALICIOUS": 0.0,
        "SANE": 0.0,
        "VALID": 0.0,
        "total": 100.0
    }
}