{
    "counter": {
        "ACTIVE": 18082,
        "INACTIVE": 3477,
        "INVALID": 2,
        "MALICIOUS": 0,
        "SANE": 0,
        "VALID": 0,
        "total": 21561
    },
    "percentage": {
        "ACTIVE": 83.86438476879552,
        "INACTIVE": 16.26286248830683,
        "INVALID": 0.014702639123722707,
        "MALICIOUS": 0,
        "SANE": 0,
        "VALID": 0,
        "total": 100.14194989622607
    }
}