{
    "counter": {
        "ACTIVE": 22527,
        "INACTIVE": 3715,
        "INVALID": 2,
        "MALICIOUS": 0,
        "SANE": 0,
        "VALID": 0,
        "total": 26244
    },
    "percentage": {
        "ACTIVE": 85.83676268861454,
        "INACTIVE": 14.167492944855464,
        "INVALID": 0.014702639123722707,
        "MALICIOUS": 0,
        "SANE": 0,
        "VALID": 0,
        "total": 100.01895827259374
    }
}