{
    "counter": {
        "ACTIVE": 30849,
        "INACTIVE": 4955,
        "INVALID": 4,
        "MALICIOUS": 0,
        "SANE": 0,
        "VALID": 0,
        "total": 35808
    },
    "percentage": {
        "ACTIVE": 86.15113941018767,
        "INACTIVE": 13.84542304683134,
        "INVALID": 0.012046741356463078,
        "MALICIOUS": 0.0,
        "SANE": 0.0,
        "VALID": 0.0,
        "total": 100.00860919837547
    }
}