{
    "counter": {
        "ACTIVE": 22222,
        "INACTIVE": 3703,
        "INVALID": 2,
        "MALICIOUS": 0,
        "SANE": 0,
        "VALID": 0,
        "total": 25927
    },
    "percentage": {
        "ACTIVE": 85.70987773363674,
        "INACTIVE": 14.391760590750097,
        "INVALID": 0.014702639123722707,
        "MALICIOUS": 0,
        "SANE": 0,
        "VALID": 0,
        "total": 100.11634096351057
    }
}