{
    "counter": {
        "ACTIVE": 34462,
        "INACTIVE": 5327,
        "INVALID": 4,
        "MALICIOUS": 0,
        "SANE": 0,
        "VALID": 0,
        "total": 39793
    },
    "percentage": {
        "ACTIVE": 86.60317141205739,
        "INACTIVE": 13.386776568743246,
        "INVALID": 0.01005201919935667,
        "MALICIOUS": 0.0,
        "SANE": 0.0,
        "VALID": 0.0,
        "total": 99.99999999999999
    }
}