{
    "counter": {
        "ACTIVE": 46164,
        "INACTIVE": 7676,
        "INVALID": 6,
        "MALICIOUS": 0,
        "SANE": 0,
        "VALID": 0,
        "total": 53846
    },
    "percentage": {
        "ACTIVE": 85.73338780967946,
        "INACTIVE": 14.255469301340861,
        "INVALID": 0.011142888979682799,
        "MALICIOUS": 0.0,
        "SANE": 0.0,
        "VALID": 0.0,
        "total": 100.0
    }
}