{
    "counter": {
        "ACTIVE": 26809,
        "INACTIVE": 4641,
        "INVALID": 4,
        "MALICIOUS": 0,
        "SANE": 0,
        "VALID": 0,
        "total": 31454
    },
    "percentage": {
        "ACTIVE": 85.23240287403827,
        "INACTIVE": 14.754880142430215,
        "INVALID": 0.012716983531506326,
        "MALICIOUS": 0.0,
        "SANE": 0.0,
        "VALID": 0.0,
        "total": 99.99999999999999
    }
}