{
    "counter": {
        "ACTIVE": 30638,
        "INACTIVE": 4949,
        "INVALID": 4,
        "MALICIOUS": 0,
        "SANE": 0,
        "VALID": 0,
        "total": 35591
    },
    "percentage": {
        "ACTIVE": 86.08356045067573,
        "INACTIVE": 13.90989066584221,
        "INVALID": 0.012046741356463078,
        "MALICIOUS": 0.0,
        "SANE": 0.0,
        "VALID": 0.0,
        "total": 100.0054978578744
    }
}