{
    "counter": {
        "ACTIVE": 36711,
        "INACTIVE": 5390,
        "INVALID": 4,
        "MALICIOUS": 0,
        "SANE": 0,
        "VALID": 0,
        "total": 42105
    },
    "percentage": {
        "ACTIVE": 87.18916993231208,
        "INACTIVE": 12.801330008312553,
        "INVALID": 0.009500059375371095,
        "MALICIOUS": 0.0,
        "SANE": 0.0,
        "VALID": 0.0,
        "total": 100.0
    }
}