{
    "counter": {
        "ACTIVE": 23459,
        "INACTIVE": 3773,
        "INVALID": 2,
        "MALICIOUS": 0,
        "SANE": 0,
        "VALID": 0,
        "total": 27234
    },
    "percentage": {
        "ACTIVE": 86.13865021664097,
        "INACTIVE": 13.873873873873874,
        "INVALID": 0.014702639123722707,
        "MALICIOUS": 0,
        "SANE": 0,
        "VALID": 0,
        "total": 100.02722672963857
    }
}