{
    "counter": {
        "ACTIVE": 20700,
        "INACTIVE": 3617,
        "INVALID": 2,
        "MALICIOUS": 0,
        "SANE": 0,
        "VALID": 0,
        "total": 24319
    },
    "percentage": {
        "ACTIVE": 85.11863152267775,
        "INACTIVE": 14.928391596846755,
        "INVALID": 0.014702639123722707,
        "MALICIOUS": 0,
        "SANE": 0,
        "VALID": 0,
        "total": 100.06172575864822
    }
}