{
    "counter": {
        "ACTIVE": 45035,
        "INACTIVE": 7601,
        "INVALID": 6,
        "MALICIOUS": 0,
        "SANE": 0,
        "VALID": 0,
        "total": 52642
    },
    "percentage": {
        "ACTIVE": 85.549561186885,
        "INACTIVE": 14.439041069868166,
        "INVALID": 0.011397743246837126,
        "MALICIOUS": 0.0,
        "SANE": 0.0,
        "VALID": 0.0,
        "total": 100.0
    }
}