{
    "counter": {
        "ACTIVE": 31323,
        "INACTIVE": 4974,
        "INVALID": 4,
        "MALICIOUS": 0,
        "SANE": 0,
        "VALID": 0,
        "total": 36301
    },
    "percentage": {
        "ACTIVE": 86.28687914933472,
        "INACTIVE": 13.72630184617932,
        "INVALID": 0.012046741356463078,
        "MALICIOUS": 0.0,
        "SANE": 0.0,
        "VALID": 0.0,
        "total": 100.0252277368705
    }
}