{
    "counter": {
        "ACTIVE": 20454,
        "INACTIVE": 3609,
        "INVALID": 2,
        "MALICIOUS": 0,
        "SANE": 0,
        "VALID": 0,
        "total": 24065
    },
    "percentage": {
        "ACTIVE": 84.99480573446914,
        "INACTIVE": 15.014352872654657,
        "INVALID": 0.014702639123722707,
        "MALICIOUS": 0,
        "SANE": 0,
        "VALID": 0,
        "total": 100.02386124624752
    }
}