{
    "counter": {
        "ACTIVE": 27694,
        "INACTIVE": 4654,
        "INVALID": 4,
        "MALICIOUS": 0,
        "SANE": 0,
        "VALID": 0,
        "total": 32352
    },
    "percentage": {
        "ACTIVE": 85.60212660731949,
        "INACTIVE": 14.385509396636992,
        "INVALID": 0.012363996043521267,
        "MALICIOUS": 0.0,
        "SANE": 0.0,
        "VALID": 0.0,
        "total": 100.0
    }
}