{
    "counter": {
        "ACTIVE": 37582,
        "INACTIVE": 6154,
        "INVALID": 6,
        "MALICIOUS": 0,
        "SANE": 0,
        "VALID": 0,
        "total": 43742
    },
    "percentage": {
        "ACTIVE": 85.91742490055324,
        "INACTIVE": 14.068858305518724,
        "INVALID": 0.013716793928032555,
        "MALICIOUS": 0.0,
        "SANE": 0.0,
        "VALID": 0.0,
        "total": 99.99999999999999
    }
}