{
    "counter": {
        "ACTIVE": 24465,
        "INACTIVE": 4031,
        "INVALID": 2,
        "MALICIOUS": 0,
        "SANE": 0,
        "VALID": 0,
        "total": 28498
    },
    "percentage": {
        "ACTIVE": 85.8481296933118,
        "INACTIVE": 14.146837930792447,
        "INVALID": 0.014702639123722707,
        "MALICIOUS": 0,
        "SANE": 0,
        "VALID": 0,
        "total": 100.00967026322797
    }
}