{
    "counter": {
        "ACTIVE": 40358,
        "INACTIVE": 6520,
        "INVALID": 6,
        "MALICIOUS": 0,
        "SANE": 0,
        "VALID": 0,
        "total": 46884
    },
    "percentage": {
        "ACTIVE": 86.08053920313967,
        "INACTIVE": 13.906663253988567,
        "INVALID": 0.012797542871768621,
        "MALICIOUS": 0.0,
        "SANE": 0.0,
        "VALID": 0.0,
        "total": 100.0
    }
}