{
    "counter": {
        "ACTIVE": 25298,
        "INACTIVE": 4259,
        "INVALID": 3,
        "MALICIOUS": 0,
        "SANE": 0,
        "VALID": 0,
        "total": 29560
    },
    "percentage": {
        "ACTIVE": 85.58186738836265,
        "INACTIVE": 14.407983761840324,
        "INVALID": 0.010148849797023005,
        "MALICIOUS": 0.0,
        "SANE": 0.0,
        "VALID": 0.0,
        "total": 100.0
    }
}