{
    "counter": {
        "ACTIVE": 39511,
        "INACTIVE": 6395,
        "INVALID": 6,
        "MALICIOUS": 0,
        "SANE": 0,
        "VALID": 0,
        "total": 45912
    },
    "percentage": {
        "ACTIVE": 86.05811116919324,
        "INACTIVE": 13.928820351977697,
        "INVALID": 0.013068478829064296,
        "MALICIOUS": 0.0,
        "SANE": 0.0,
        "VALID": 0.0,
        "total": 100.0
    }
}