{
    "counter": {
        "ACTIVE": 29800,
        "INACTIVE": 4732,
        "INVALID": 4,
        "MALICIOUS": 0,
        "SANE": 0,
        "VALID": 0,
        "total": 34536
    },
    "percentage": {
        "ACTIVE": 86.286773222145,
        "INACTIVE": 13.818882691352977,
        "INVALID": 0.012046741356463078,
        "MALICIOUS": 0.0,
        "SANE": 0.0,
        "VALID": 0.0,
        "total": 100.11770265485444
    }
}