{
    "counter": {
        "ACTIVE": 16846,
        "INACTIVE": 3409,
        "INVALID": 2,
        "MALICIOUS": 0,
        "SANE": 0,
        "VALID": 0,
        "total": 20257
    },
    "percentage": {
        "ACTIVE": 83.16137631436047,
        "INACTIVE": 16.866218088264397,
        "INVALID": 0.014702639123722707,
        "MALICIOUS": 0,
        "SANE": 0,
        "VALID": 0,
        "total": 100.04229704174858
    }
}