{
    "counter": {
        "ACTIVE": 28276,
        "INACTIVE": 4684,
        "INVALID": 4,
        "MALICIOUS": 0,
        "SANE": 0,
        "VALID": 0,
        "total": 32964
    },
    "percentage": {
        "ACTIVE": 85.7784249484286,
        "INACTIVE": 14.209440601868705,
        "INVALID": 0.012134449702705982,
        "MALICIOUS": 0.0,
        "SANE": 0.0,
        "VALID": 0.0,
        "total": 100.0
    }
}