{
    "counter": {
        "ACTIVE": 16578,
        "INACTIVE": 3399,
        "INVALID": 2,
        "MALICIOUS": 0,
        "SANE": 0,
        "VALID": 0,
        "total": 19979
    },
    "percentage": {
        "ACTIVE": 82.9771259822814,
        "INACTIVE": 17.153671461014383,
        "INVALID": 0.014702639123722707,
        "MALICIOUS": 0,
        "SANE": 0,
        "VALID": 0,
        "total": 100.1455000824195
    }
}