{
    "counter": {
        "ACTIVE": 34404,
        "INACTIVE": 5323,
        "INVALID": 4,
        "MALICIOUS": 0,
        "SANE": 0,
        "VALID": 0,
        "total": 39731
    },
    "percentage": {
        "ACTIVE": 86.59233344240015,
        "INACTIVE": 13.397598852281593,
        "INVALID": 0.010067705318265334,
        "MALICIOUS": 0.0,
        "SANE": 0.0,
        "VALID": 0.0,
        "total": 100.0
    }
}