{
    "counter": {
        "ACTIVE": 24811,
        "INACTIVE": 4056,
        "INVALID": 2,
        "MALICIOUS": 0,
        "SANE": 0,
        "VALID": 0,
        "total": 28869
    },
    "percentage": {
        "ACTIVE": 85.94339949426721,
        "INACTIVE": 14.04967265925387,
        "INVALID": 0.006927846478922027,
        "MALICIOUS": 0.0,
        "SANE": 0.0,
        "VALID": 0.0,
        "total": 100.0
    }
}