{
    "counter": {
        "ACTIVE": 33324,
        "INACTIVE": 5281,
        "INVALID": 4,
        "MALICIOUS": 0,
        "SANE": 0,
        "VALID": 0,
        "total": 38609
    },
    "percentage": {
        "ACTIVE": 86.31148177885986,
        "INACTIVE": 13.678157942448651,
        "INVALID": 0.010360278691496801,
        "MALICIOUS": 0.0,
        "SANE": 0.0,
        "VALID": 0.0,
        "total": 100.0
    }
}