{
    "counter": {
        "ACTIVE": 48787,
        "INACTIVE": 8267,
        "INVALID": 6,
        "MALICIOUS": 0,
        "SANE": 0,
        "VALID": 0,
        "total": 57060
    },
    "percentage": {
        "ACTIVE": 85.5012267788293,
        "INACTIVE": 14.48825797406239,
        "INVALID": 0.010515247108307046,
        "MALICIOUS": 0.0,
        "SANE": 0.0,
        "VALID": 0.0,
        "total": 100.0
    }
}