{
    "counter": {
        "ACTIVE": 36495,
        "INACTIVE": 5384,
        "INVALID": 4,
        "MALICIOUS": 0,
        "SANE": 0,
        "VALID": 0,
        "total": 41883
    },
    "percentage": {
        "ACTIVE": 87.13559200630327,
        "INACTIVE": 12.854857579447508,
        "INVALID": 0.00955041424921806,
        "MALICIOUS": 0.0,
        "SANE": 0.0,
        "VALID": 0.0,
        "total": 100.0
    }
}