{
    "counter": {
        "ACTIVE": 48182,
        "INACTIVE": 8119,
        "INVALID": 6,
        "MALICIOUS": 0,
        "SANE": 0,
        "VALID": 0,
        "total": 56307
    },
    "percentage": {
        "ACTIVE": 85.5701777754098,
        "INACTIVE": 14.419166355870496,
        "INVALID": 0.010655868719697374,
        "MALICIOUS": 0.0,
        "SANE": 0.0,
        "VALID": 0.0,
        "total": 100.0
    }
}