{
    "counter": {
        "ACTIVE": 39537,
        "INACTIVE": 6395,
        "INVALID": 6,
        "MALICIOUS": 0,
        "SANE": 0,
        "VALID": 0,
        "total": 45938
    },
    "percentage": {
        "ACTIVE": 86.06600200269929,
        "INACTIVE": 13.920936914972353,
        "INVALID": 0.01306108232835561,
        "MALICIOUS": 0.0,
        "SANE": 0.0,
        "VALID": 0.0,
        "total": 100.0
    }
}