{
    "counter": {
        "ACTIVE": 35827,
        "INACTIVE": 5366,
        "INVALID": 4,
        "MALICIOUS": 0,
        "SANE": 0,
        "VALID": 0,
        "total": 41197
    },
    "percentage": {
        "ACTIVE": 86.9650702721072,
        "INACTIVE": 13.025220283030318,
        "INVALID": 0.009709444862489987,
        "MALICIOUS": 0.0,
        "SANE": 0.0,
        "VALID": 0.0,
        "total": 100.00000000000001
    }
}