{
    "counter": {
        "ACTIVE": 28537,
        "INACTIVE": 4702,
        "INVALID": 4,
        "MALICIOUS": 0,
        "SANE": 0,
        "VALID": 0,
        "total": 33243
    },
    "percentage": {
        "ACTIVE": 85.84363625424902,
        "INACTIVE": 14.160944464522347,
        "INVALID": 0.012046741356463078,
        "MALICIOUS": 0.0,
        "SANE": 0.0,
        "VALID": 0.0,
        "total": 100.01662746012782
    }
}