{
    "counter": {
        "ACTIVE": 26324,
        "INACTIVE": 4637,
        "INVALID": 3,
        "MALICIOUS": 0,
        "SANE": 0,
        "VALID": 0,
        "total": 30964
    },
    "percentage": {
        "ACTIVE": 85.01485596176205,
        "INACTIVE": 14.975455367523576,
        "INVALID": 0.009688670714377987,
        "MALICIOUS": 0.0,
        "SANE": 0.0,
        "VALID": 0.0,
        "total": 100.00000000000001
    }
}