{
    "counter": {
        "ACTIVE": 20879,
        "INACTIVE": 3667,
        "INVALID": 2,
        "MALICIOUS": 0,
        "SANE": 0,
        "VALID": 0,
        "total": 24548
    },
    "percentage": {
        "ACTIVE": 85.05377220140133,
        "INACTIVE": 15.021916349186842,
        "INVALID": 0.014702639123722707,
        "MALICIOUS": 0,
        "SANE": 0,
        "VALID": 0,
        "total": 100.0903911897119
    }
}