{
    "counter": {
        "ACTIVE": 33696,
        "INACTIVE": 5311,
        "INVALID": 4,
        "MALICIOUS": 0,
        "SANE": 0,
        "VALID": 0,
        "total": 39011
    },
    "percentage": {
        "ACTIVE": 86.37563764066546,
        "INACTIVE": 13.614108841096101,
        "INVALID": 0.010253518238445567,
        "MALICIOUS": 0.0,
        "SANE": 0.0,
        "VALID": 0.0,
        "total": 100.0
    }
}