{
    "counter": {
        "ACTIVE": 34369,
        "INACTIVE": 5323,
        "INVALID": 4,
        "MALICIOUS": 0,
        "SANE": 0,
        "VALID": 0,
        "total": 39696
    },
    "percentage": {
        "ACTIVE": 86.5805118903668,
        "INACTIVE": 13.409411527609835,
        "INVALID": 0.01007658202337767,
        "MALICIOUS": 0.0,
        "SANE": 0.0,
        "VALID": 0.0,
        "total": 100.0
    }
}