{
    "counter": {
        "ACTIVE": 27529,
        "INACTIVE": 4648,
        "INVALID": 4,
        "MALICIOUS": 0,
        "SANE": 0,
        "VALID": 0,
        "total": 32181
    },
    "percentage": {
        "ACTIVE": 85.54426524968149,
        "INACTIVE": 14.443305055778254,
        "INVALID": 0.012429694540256673,
        "MALICIOUS": 0.0,
        "SANE": 0.0,
        "VALID": 0.0,
        "total": 100.0
    }
}