{
    "counter": {
        "ACTIVE": 46003,
        "INACTIVE": 7674,
        "INVALID": 6,
        "MALICIOUS": 0,
        "SANE": 0,
        "VALID": 0,
        "total": 53683
    },
    "percentage": {
        "ACTIVE": 85.69379505616303,
        "INACTIVE": 14.295028221224596,
        "INVALID": 0.011176722612372632,
        "MALICIOUS": 0.0,
        "SANE": 0.0,
        "VALID": 0.0,
        "total": 100.0
    }
}