{
    "counter": {
        "ACTIVE": 48218,
        "INACTIVE": 8123,
        "INVALID": 6,
        "MALICIOUS": 0,
        "SANE": 0,
        "VALID": 0,
        "total": 56347
    },
    "percentage": {
        "ACTIVE": 85.57332244840009,
        "INACTIVE": 14.41602924734236,
        "INVALID": 0.010648304257546986,
        "MALICIOUS": 0.0,
        "SANE": 0.0,
        "VALID": 0.0,
        "total": 100.0
    }
}