{
    "counter": {
        "ACTIVE": 43685,
        "INACTIVE": 7246,
        "INVALID": 6,
        "MALICIOUS": 0,
        "SANE": 0,
        "VALID": 0,
        "total": 50937
    },
    "percentage": {
        "ACTIVE": 85.76280503366904,
        "INACTIVE": 14.225415709602057,
        "INVALID": 0.011779256728900407,
        "MALICIOUS": 0.0,
        "SANE": 0.0,
        "VALID": 0.0,
        "total": 100.0
    }
}