{
    "counter": {
        "ACTIVE": 31226,
        "INACTIVE": 4973,
        "INVALID": 4,
        "MALICIOUS": 0,
        "SANE": 0,
        "VALID": 0,
        "total": 36203
    },
    "percentage": {
        "ACTIVE": 86.25252050935005,
        "INACTIVE": 13.73681012098779,
        "INVALID": 0.012046741356463078,
        "MALICIOUS": 0.0,
        "SANE": 0.0,
        "VALID": 0.0,
        "total": 100.00137737169429
    }
}