{
    "counter": {
        "ACTIVE": 49675,
        "INACTIVE": 8621,
        "INVALID": 6,
        "MALICIOUS": 0,
        "SANE": 0,
        "VALID": 0,
        "total": 58302
    },
    "percentage": {
        "ACTIVE": 85.20290899111522,
        "INACTIVE": 14.786799766731844,
        "INVALID": 0.010291242152927859,
        "MALICIOUS": 0.0,
        "SANE": 0.0,
        "VALID": 0.0,
        "total": 100.0
    }
}