{
    "counter": {
        "ACTIVE": 42715,
        "INACTIVE": 6889,
        "INVALID": 6,
        "MALICIOUS": 0,
        "SANE": 0,
        "VALID": 0,
        "total": 49610
    },
    "percentage": {
        "ACTIVE": 86.10159242088288,
        "INACTIVE": 13.886313243297723,
        "INVALID": 0.012094335819391252,
        "MALICIOUS": 0.0,
        "SANE": 0.0,
        "VALID": 0.0,
        "total": 100.0
    }
}