{
    "counter": {
        "ACTIVE": 32190,
        "INACTIVE": 5196,
        "INVALID": 4,
        "MALICIOUS": 0,
        "SANE": 0,
        "VALID": 0,
        "total": 37390
    },
    "percentage": {
        "ACTIVE": 86.0925381117946,
        "INACTIVE": 13.89676384059909,
        "INVALID": 0.010698047606311848,
        "MALICIOUS": 0.0,
        "SANE": 0.0,
        "VALID": 0.0,
        "total": 100.0
    }
}