{
    "counter": {
        "ACTIVE": 36405,
        "INACTIVE": 5384,
        "INVALID": 4,
        "MALICIOUS": 0,
        "SANE": 0,
        "VALID": 0,
        "total": 41793
    },
    "percentage": {
        "ACTIVE": 87.10788888091307,
        "INACTIVE": 12.882540138300673,
        "INVALID": 0.009570980786256072,
        "MALICIOUS": 0.0,
        "SANE": 0.0,
        "VALID": 0.0,
        "total": 99.99999999999999
    }
}