{
    "counter": {
        "ACTIVE": 48468,
        "INACTIVE": 8196,
        "INVALID": 6,
        "MALICIOUS": 0,
        "SANE": 0,
        "VALID": 0,
        "total": 56670
    },
    "percentage": {
        "ACTIVE": 85.5267337215458,
        "INACTIVE": 14.462678665960826,
        "INVALID": 0.010587612493382742,
        "MALICIOUS": 0.0,
        "SANE": 0.0,
        "VALID": 0.0,
        "total": 100.0
    }
}