{
    "counter": {
        "ACTIVE": 20909,
        "INACTIVE": 3668,
        "INVALID": 2,
        "MALICIOUS": 0,
        "SANE": 0,
        "VALID": 0,
        "total": 24579
    },
    "percentage": {
        "ACTIVE": 85.06855445705683,
        "INACTIVE": 14.937286202964652,
        "INVALID": 0.014702639123722707,
        "MALICIOUS": 0,
        "SANE": 0,
        "VALID": 0,
        "total": 100.02054329914522
    }
}