{
    "counter": {
        "ACTIVE": 46440,
        "INACTIVE": 7682,
        "INVALID": 6,
        "MALICIOUS": 0,
        "SANE": 0,
        "VALID": 0,
        "total": 54128
    },
    "percentage": {
        "ACTIVE": 85.79663020987289,
        "INACTIVE": 14.192284954182679,
        "INVALID": 0.011084835944428023,
        "MALICIOUS": 0.0,
        "SANE": 0.0,
        "VALID": 0.0,
        "total": 100.0
    }
}