{
    "counter": {
        "ACTIVE": 35826,
        "INACTIVE": 5366,
        "INVALID": 4,
        "MALICIOUS": 0,
        "SANE": 0,
        "VALID": 0,
        "total": 41196
    },
    "percentage": {
        "ACTIVE": 86.96475385959802,
        "INACTIVE": 13.025536459850471,
        "INVALID": 0.009709680551509855,
        "MALICIOUS": 0.0,
        "SANE": 0.0,
        "VALID": 0.0,
        "total": 100.0
    }
}