{
    "counter": {
        "ACTIVE": 42000,
        "INACTIVE": 6555,
        "INVALID": 6,
        "MALICIOUS": 0,
        "SANE": 0,
        "VALID": 0,
        "total": 48561
    },
    "percentage": {
        "ACTIVE": 86.48915796626923,
        "INACTIVE": 13.49848643973559,
        "INVALID": 0.012355593995181319,
        "MALICIOUS": 0.0,
        "SANE": 0.0,
        "VALID": 0.0,
        "total": 100.0
    }
}