{
    "counter": {
        "ACTIVE": 32298,
        "INACTIVE": 5202,
        "INVALID": 4,
        "MALICIOUS": 0,
        "SANE": 0,
        "VALID": 0,
        "total": 37504
    },
    "percentage": {
        "ACTIVE": 86.11881399317406,
        "INACTIVE": 13.870520477815699,
        "INVALID": 0.010665529010238909,
        "MALICIOUS": 0.0,
        "SANE": 0.0,
        "VALID": 0.0,
        "total": 100.0
    }
}