{
    "counter": {
        "ACTIVE": 37910,
        "INACTIVE": 6277,
        "INVALID": 6,
        "MALICIOUS": 0,
        "SANE": 0,
        "VALID": 0,
        "total": 44193
    },
    "percentage": {
        "ACTIVE": 85.78281628312176,
        "INACTIVE": 14.203606906071098,
        "INVALID": 0.013576810807141402,
        "MALICIOUS": 0.0,
        "SANE": 0.0,
        "VALID": 0.0,
        "total": 100.0
    }
}