{
    "counter": {
        "ACTIVE": 5332,
        "INACTIVE": 411,
        "INVALID": 1,
        "MALICIOUS": 0,
        "SANE": 0,
        "VALID": 0,
        "total": 5744
    },
    "percentage": {
        "ACTIVE": 92.82729805013928,
        "INACTIVE": 7.15903152760843,
        "INVALID": 0.02680246582685607,
        "MALICIOUS": 0,
        "SANE": 0,
        "VALID": 0,
        "total": 100.01313204357457
    }
}