{
    "counter": {
        "ACTIVE": 26296,
        "INACTIVE": 4637,
        "INVALID": 3,
        "MALICIOUS": 0,
        "SANE": 0,
        "VALID": 0,
        "total": 30936
    },
    "percentage": {
        "ACTIVE": 85.00129299198345,
        "INACTIVE": 14.989009568140677,
        "INVALID": 0.009697439875872769,
        "MALICIOUS": 0.0,
        "SANE": 0.0,
        "VALID": 0.0,
        "total": 100.0
    }
}