{
    "counter": {
        "ACTIVE": 45385,
        "INACTIVE": 7666,
        "INVALID": 6,
        "MALICIOUS": 0,
        "SANE": 0,
        "VALID": 0,
        "total": 53057
    },
    "percentage": {
        "ACTIVE": 85.5400795371016,
        "INACTIVE": 14.448611870252748,
        "INVALID": 0.01130859264564525,
        "MALICIOUS": 0.0,
        "SANE": 0.0,
        "VALID": 0.0,
        "total": 100.0
    }
}