{
    "counter": {
        "ACTIVE": 41407,
        "INACTIVE": 6540,
        "INVALID": 6,
        "MALICIOUS": 0,
        "SANE": 0,
        "VALID": 0,
        "total": 47953
    },
    "percentage": {
        "ACTIVE": 86.34913352657811,
        "INACTIVE": 13.63835422184222,
        "INVALID": 0.012512251579671762,
        "MALICIOUS": 0.0,
        "SANE": 0.0,
        "VALID": 0.0,
        "total": 100.0
    }
}