{
    "counter": {
        "ACTIVE": 32493,
        "INACTIVE": 5215,
        "INVALID": 4,
        "MALICIOUS": 0,
        "SANE": 0,
        "VALID": 0,
        "total": 37712
    },
    "percentage": {
        "ACTIVE": 86.1609036911328,
        "INACTIVE": 13.828489605430633,
        "INVALID": 0.010606703436571913,
        "MALICIOUS": 0.0,
        "SANE": 0.0,
        "VALID": 0.0,
        "total": 100.0
    }
}