{
    "counter": {
        "ACTIVE": 18742,
        "INACTIVE": 3506,
        "INVALID": 2,
        "MALICIOUS": 0,
        "SANE": 0,
        "VALID": 0,
        "total": 22250
    },
    "percentage": {
        "ACTIVE": 84.23370786516854,
        "INACTIVE": 15.75942823751517,
        "INVALID": 0.014702639123722707,
        "MALICIOUS": 0,
        "SANE": 0,
        "VALID": 0,
        "total": 100.00783874180743
    }
}