{
    "counter": {
        "ACTIVE": 18221,
        "INACTIVE": 3480,
        "INVALID": 2,
        "MALICIOUS": 0,
        "SANE": 0,
        "VALID": 0,
        "total": 21703
    },
    "percentage": {
        "ACTIVE": 83.95613509653043,
        "INACTIVE": 16.04943965318452,
        "INVALID": 0.014702639123722707,
        "MALICIOUS": 0,
        "SANE": 0,
        "VALID": 0,
        "total": 100.02027738883868
    }
}