{
    "counter": {
        "ACTIVE": 41724,
        "INACTIVE": 6547,
        "INVALID": 6,
        "MALICIOUS": 0,
        "SANE": 0,
        "VALID": 0,
        "total": 48277
    },
    "percentage": {
        "ACTIVE": 86.42624852414193,
        "INACTIVE": 13.561323197381776,
        "INVALID": 0.012428278476293058,
        "MALICIOUS": 0.0,
        "SANE": 0.0,
        "VALID": 0.0,
        "total": 100.0
    }
}