{
    "counter": {
        "ACTIVE": 30026,
        "INACTIVE": 4767,
        "INVALID": 4,
        "MALICIOUS": 0,
        "SANE": 0,
        "VALID": 0,
        "total": 34797
    },
    "percentage": {
        "ACTIVE": 86.28904790642872,
        "INACTIVE": 13.70024428797241,
        "INVALID": 0.012046741356463078,
        "MALICIOUS": 0.0,
        "SANE": 0.0,
        "VALID": 0.0,
        "total": 100.00133893575759
    }
}