{
    "counter": {
        "ACTIVE": 37408,
        "INACTIVE": 6148,
        "INVALID": 6,
        "MALICIOUS": 0,
        "SANE": 0,
        "VALID": 0,
        "total": 43562
    },
    "percentage": {
        "ACTIVE": 85.87300858546439,
        "INACTIVE": 14.113217942243239,
        "INVALID": 0.013773472292364905,
        "MALICIOUS": 0.0,
        "SANE": 0.0,
        "VALID": 0.0,
        "total": 100.0
    }
}