{
    "counter": {
        "ACTIVE": 33284,
        "INACTIVE": 5254,
        "INVALID": 4,
        "MALICIOUS": 0,
        "SANE": 0,
        "VALID": 0,
        "total": 38542
    },
    "percentage": {
        "ACTIVE": 86.35773960873851,
        "INACTIVE": 13.631882102641274,
        "INVALID": 0.010378288620206528,
        "MALICIOUS": 0.0,
        "SANE": 0.0,
        "VALID": 0.0,
        "total": 99.99999999999999
    }
}