{
    "counter": {
        "ACTIVE": 17539,
        "INACTIVE": 3462,
        "INVALID": 2,
        "MALICIOUS": 0,
        "SANE": 0,
        "VALID": 0,
        "total": 21003
    },
    "percentage": {
        "ACTIVE": 83.50711803075751,
        "INACTIVE": 16.596356663470758,
        "INVALID": 0.014702639123722707,
        "MALICIOUS": 0,
        "SANE": 0,
        "VALID": 0,
        "total": 100.118177333352
    }
}