{
    "counter": {
        "ACTIVE": 30685,
        "INACTIVE": 4952,
        "INVALID": 4,
        "MALICIOUS": 0,
        "SANE": 0,
        "VALID": 0,
        "total": 35641
    },
    "percentage": {
        "ACTIVE": 86.09466625515557,
        "INACTIVE": 13.896450119264768,
        "INVALID": 0.012046741356463078,
        "MALICIOUS": 0.0,
        "SANE": 0.0,
        "VALID": 0.0,
        "total": 100.0031631157768
    }
}