{
    "counter": {
        "ACTIVE": 48141,
        "INACTIVE": 8109,
        "INVALID": 6,
        "MALICIOUS": 0,
        "SANE": 0,
        "VALID": 0,
        "total": 56256
    },
    "percentage": {
        "ACTIVE": 85.57487201365188,
        "INACTIVE": 14.414462457337883,
        "INVALID": 0.010665529010238909,
        "MALICIOUS": 0.0,
        "SANE": 0.0,
        "VALID": 0.0,
        "total": 100.00000000000001
    }
}