{
    "counter": {
        "ACTIVE": 18696,
        "INACTIVE": 3504,
        "INVALID": 2,
        "MALICIOUS": 0,
        "SANE": 0,
        "VALID": 0,
        "total": 22202
    },
    "percentage": {
        "ACTIVE": 84.21242286383496,
        "INACTIVE": 15.78236194937393,
        "INVALID": 0.014702639123722707,
        "MALICIOUS": 0,
        "SANE": 0,
        "VALID": 0,
        "total": 100.00948745233262
    }
}