{
    "counter": {
        "ACTIVE": 48138,
        "INACTIVE": 8101,
        "INVALID": 6,
        "MALICIOUS": 0,
        "SANE": 0,
        "VALID": 0,
        "total": 56245
    },
    "percentage": {
        "ACTIVE": 85.58627433549648,
        "INACTIVE": 14.40305804960441,
        "INVALID": 0.010667614899102142,
        "MALICIOUS": 0.0,
        "SANE": 0.0,
        "VALID": 0.0,
        "total": 100.0
    }
}