{
    "counter": {
        "ACTIVE": 22881,
        "INACTIVE": 3732,
        "INVALID": 2,
        "MALICIOUS": 0,
        "SANE": 0,
        "VALID": 0,
        "total": 26615
    },
    "percentage": {
        "ACTIVE": 85.97031749013713,
        "INACTIVE": 14.057026630004897,
        "INVALID": 0.014702639123722707,
        "MALICIOUS": 0,
        "SANE": 0,
        "VALID": 0,
        "total": 100.04204675926576
    }
}