{
    "counter": {
        "ACTIVE": 34938,
        "INACTIVE": 5344,
        "INVALID": 4,
        "MALICIOUS": 0,
        "SANE": 0,
        "VALID": 0,
        "total": 40286
    },
    "percentage": {
        "ACTIVE": 86.72491684456139,
        "INACTIVE": 13.265154147842923,
        "INVALID": 0.009929007595690811,
        "MALICIOUS": 0.0,
        "SANE": 0.0,
        "VALID": 0.0,
        "total": 100.0
    }
}