{
    "counter": {
        "ACTIVE": 49714,
        "INACTIVE": 8720,
        "INVALID": 6,
        "MALICIOUS": 0,
        "SANE": 0,
        "VALID": 0,
        "total": 58440
    },
    "percentage": {
        "ACTIVE": 85.0684462696783,
        "INACTIVE": 14.921286789869953,
        "INVALID": 0.01026694045174538,
        "MALICIOUS": 0.0,
        "SANE": 0.0,
        "VALID": 0.0,
        "total": 100.0
    }
}