{
    "counter": {
        "ACTIVE": 35870,
        "INACTIVE": 5367,
        "INVALID": 4,
        "MALICIOUS": 0,
        "SANE": 0,
        "VALID": 0,
        "total": 41241
    },
    "percentage": {
        "ACTIVE": 86.97655245993064,
        "INACTIVE": 13.01374845420819,
        "INVALID": 0.009699085861157586,
        "MALICIOUS": 0.0,
        "SANE": 0.0,
        "VALID": 0.0,
        "total": 99.99999999999999
    }
}