{
    "counter": {
        "ACTIVE": 19416,
        "INACTIVE": 3559,
        "INVALID": 2,
        "MALICIOUS": 0,
        "SANE": 0,
        "VALID": 0,
        "total": 22977
    },
    "percentage": {
        "ACTIVE": 84.50189319754537,
        "INACTIVE": 15.495471960989203,
        "INVALID": 0.014702639123722707,
        "MALICIOUS": 0,
        "SANE": 0,
        "VALID": 0,
        "total": 100.0120677976583
    }
}