{
    "counter": {
        "ACTIVE": 48734,
        "INACTIVE": 8261,
        "INVALID": 6,
        "MALICIOUS": 0,
        "SANE": 0,
        "VALID": 0,
        "total": 57001
    },
    "percentage": {
        "ACTIVE": 85.49674567112858,
        "INACTIVE": 14.492728197750917,
        "INVALID": 0.010526131120506658,
        "MALICIOUS": 0.0,
        "SANE": 0.0,
        "VALID": 0.0,
        "total": 100.0
    }
}