{
    "counter": {
        "ACTIVE": 18645,
        "INACTIVE": 3496,
        "INVALID": 2,
        "MALICIOUS": 0,
        "SANE": 0,
        "VALID": 0,
        "total": 22143
    },
    "percentage": {
        "ACTIVE": 84.2026825633383,
        "INACTIVE": 15.796132297126332,
        "INVALID": 0.014702639123722707,
        "MALICIOUS": 0,
        "SANE": 0,
        "VALID": 0,
        "total": 100.01351749958836
    }
}