{
    "counter": {
        "ACTIVE": 36633,
        "INACTIVE": 5386,
        "INVALID": 4,
        "MALICIOUS": 0,
        "SANE": 0,
        "VALID": 0,
        "total": 42023
    },
    "percentage": {
        "ACTIVE": 87.17369059800585,
        "INACTIVE": 12.816790805035337,
        "INVALID": 0.009518596958808271,
        "MALICIOUS": 0.0,
        "SANE": 0.0,
        "VALID": 0.0,
        "total": 100.0
    }
}