{
    "counter": {
        "ACTIVE": 48328,
        "INACTIVE": 8134,
        "INVALID": 6,
        "MALICIOUS": 0,
        "SANE": 0,
        "VALID": 0,
        "total": 56468
    },
    "percentage": {
        "ACTIVE": 85.58475596798186,
        "INACTIVE": 14.404618545016646,
        "INVALID": 0.010625487001487568,
        "MALICIOUS": 0.0,
        "SANE": 0.0,
        "VALID": 0.0,
        "total": 100.0
    }
}