{
    "counter": {
        "ACTIVE": 30195,
        "INACTIVE": 4786,
        "INVALID": 4,
        "MALICIOUS": 0,
        "SANE": 0,
        "VALID": 0,
        "total": 34985
    },
    "percentage": {
        "ACTIVE": 86.30841789338288,
        "INACTIVE": 13.680539675280128,
        "INVALID": 0.012046741356463078,
        "MALICIOUS": 0.0,
        "SANE": 0.0,
        "VALID": 0.0,
        "total": 100.00100431001947
    }
}