{
    "counter": {
        "ACTIVE": 19474,
        "INACTIVE": 3560,
        "INVALID": 2,
        "MALICIOUS": 0,
        "SANE": 0,
        "VALID": 0,
        "total": 23036
    },
    "percentage": {
        "ACTIVE": 84.5372460496614,
        "INACTIVE": 15.475569466179795,
        "INVALID": 0.014702639123722707,
        "MALICIOUS": 0,
        "SANE": 0,
        "VALID": 0,
        "total": 100.02751815496492
    }
}