{
    "counter": {
        "ACTIVE": 19578,
        "INACTIVE": 3567,
        "INVALID": 2,
        "MALICIOUS": 0,
        "SANE": 0,
        "VALID": 0,
        "total": 23147
    },
    "percentage": {
        "ACTIVE": 84.58115522529917,
        "INACTIVE": 15.41953054078589,
        "INVALID": 0.014702639123722707,
        "MALICIOUS": 0,
        "SANE": 0,
        "VALID": 0,
        "total": 100.01538840520878
    }
}