{
    "counter": {
        "ACTIVE": 37258,
        "INACTIVE": 6127,
        "INVALID": 6,
        "MALICIOUS": 0,
        "SANE": 0,
        "VALID": 0,
        "total": 43391
    },
    "percentage": {
        "ACTIVE": 85.86573252517803,
        "INACTIVE": 14.120439722523104,
        "INVALID": 0.01382775229886382,
        "MALICIOUS": 0.0,
        "SANE": 0.0,
        "VALID": 0.0,
        "total": 100.0
    }
}