{
    "counter": {
        "ACTIVE": 36755,
        "INACTIVE": 5390,
        "INVALID": 4,
        "MALICIOUS": 0,
        "SANE": 0,
        "VALID": 0,
        "total": 42149
    },
    "percentage": {
        "ACTIVE": 87.20254335808679,
        "INACTIVE": 12.787966499798335,
        "INVALID": 0.00949014211487817,
        "MALICIOUS": 0.0,
        "SANE": 0.0,
        "VALID": 0.0,
        "total": 100.0
    }
}