{
    "counter": {
        "ACTIVE": 17740,
        "INACTIVE": 3474,
        "INVALID": 2,
        "MALICIOUS": 0,
        "SANE": 0,
        "VALID": 0,
        "total": 21216
    },
    "percentage": {
        "ACTIVE": 83.61613876319758,
        "INACTIVE": 16.389884883940365,
        "INVALID": 0.014702639123722707,
        "MALICIOUS": 0,
        "SANE": 0,
        "VALID": 0,
        "total": 100.02072628626168
    }
}