{
    "counter": {
        "ACTIVE": 22098,
        "INACTIVE": 3703,
        "INVALID": 2,
        "MALICIOUS": 0,
        "SANE": 0,
        "VALID": 0,
        "total": 25803
    },
    "percentage": {
        "ACTIVE": 85.64120451110335,
        "INACTIVE": 14.391760590750097,
        "INVALID": 0.014702639123722707,
        "MALICIOUS": 0,
        "SANE": 0,
        "VALID": 0,
        "total": 100.04766774097718
    }
}