{
    "counter": {
        "ACTIVE": 27810,
        "INACTIVE": 4655,
        "INVALID": 4,
        "MALICIOUS": 0,
        "SANE": 0,
        "VALID": 0,
        "total": 32469
    },
    "percentage": {
        "ACTIVE": 85.65092857802827,
        "INACTIVE": 14.336751978810558,
        "INVALID": 0.012319443161169116,
        "MALICIOUS": 0.0,
        "SANE": 0.0,
        "VALID": 0.0,
        "total": 100.0
    }
}