{
    "counter": {
        "ACTIVE": 42531,
        "INACTIVE": 6771,
        "INVALID": 6,
        "MALICIOUS": 0,
        "SANE": 0,
        "VALID": 0,
        "total": 49308
    },
    "percentage": {
        "ACTIVE": 86.25577999513264,
        "INACTIVE": 13.732051594061815,
        "INVALID": 0.012168410805548795,
        "MALICIOUS": 0.0,
        "SANE": 0.0,
        "VALID": 0.0,
        "total": 100.0
    }
}