{
    "counter": {
        "ACTIVE": 20801,
        "INACTIVE": 3667,
        "INVALID": 2,
        "MALICIOUS": 0,
        "SANE": 0,
        "VALID": 0,
        "total": 24470
    },
    "percentage": {
        "ACTIVE": 85.006129955047,
        "INACTIVE": 15.021916349186842,
        "INVALID": 0.014702639123722707,
        "MALICIOUS": 0,
        "SANE": 0,
        "VALID": 0,
        "total": 100.04274894335757
    }
}