{
    "counter": {
        "ACTIVE": 34669,
        "INACTIVE": 5338,
        "INVALID": 4,
        "MALICIOUS": 0,
        "SANE": 0,
        "VALID": 0,
        "total": 40011
    },
    "percentage": {
        "ACTIVE": 86.64867161530579,
        "INACTIVE": 13.341331133938167,
        "INVALID": 0.00999725075604209,
        "MALICIOUS": 0.0,
        "SANE": 0.0,
        "VALID": 0.0,
        "total": 100.0
    }
}