{
    "counter": {
        "ACTIVE": 44797,
        "INACTIVE": 7543,
        "INVALID": 6,
        "MALICIOUS": 0,
        "SANE": 0,
        "VALID": 0,
        "total": 52346
    },
    "percentage": {
        "ACTIVE": 85.57864975356283,
        "INACTIVE": 14.409888052573262,
        "INVALID": 0.011462193863905552,
        "MALICIOUS": 0.0,
        "SANE": 0.0,
        "VALID": 0.0,
        "total": 100.0
    }
}