{
    "counter": {
        "ACTIVE": 42833,
        "INACTIVE": 6960,
        "INVALID": 6,
        "MALICIOUS": 0,
        "SANE": 0,
        "VALID": 0,
        "total": 49799
    },
    "percentage": {
        "ACTIVE": 86.01176730456434,
        "INACTIVE": 13.976184260728127,
        "INVALID": 0.012048434707524248,
        "MALICIOUS": 0.0,
        "SANE": 0.0,
        "VALID": 0.0,
        "total": 100.0
    }
}