{
    "counter": {
        "ACTIVE": 49510,
        "INACTIVE": 8354,
        "INVALID": 6,
        "MALICIOUS": 0,
        "SANE": 0,
        "VALID": 0,
        "total": 57870
    },
    "percentage": {
        "ACTIVE": 85.55382754449629,
        "INACTIVE": 14.43580438914809,
        "INVALID": 0.010368066355624676,
        "MALICIOUS": 0.0,
        "SANE": 0.0,
        "VALID": 0.0,
        "total": 100.0
    }
}