{
    "counter": {
        "ACTIVE": 39584,
        "INACTIVE": 6398,
        "INVALID": 6,
        "MALICIOUS": 0,
        "SANE": 0,
        "VALID": 0,
        "total": 45988
    },
    "percentage": {
        "ACTIVE": 86.07462816386884,
        "INACTIVE": 13.912324954335913,
        "INVALID": 0.013046881795250934,
        "MALICIOUS": 0.0,
        "SANE": 0.0,
        "VALID": 0.0,
        "total": 100.0
    }
}