{
    "counter": {
        "ACTIVE": 27251,
        "INACTIVE": 4646,
        "INVALID": 4,
        "MALICIOUS": 0,
        "SANE": 0,
        "VALID": 0,
        "total": 31901
    },
    "percentage": {
        "ACTIVE": 85.42365443089558,
        "INACTIVE": 14.563806777217016,
        "INVALID": 0.01253879188740165,
        "MALICIOUS": 0.0,
        "SANE": 0.0,
        "VALID": 0.0,
        "total": 100.0
    }
}