{
    "counter": {
        "ACTIVE": 19561,
        "INACTIVE": 3566,
        "INVALID": 2,
        "MALICIOUS": 0,
        "SANE": 0,
        "VALID": 0,
        "total": 23129
    },
    "percentage": {
        "ACTIVE": 84.57347918197934,
        "INACTIVE": 15.421207403563397,
        "INVALID": 0.014702639123722707,
        "MALICIOUS": 0,
        "SANE": 0,
        "VALID": 0,
        "total": 100.00938922466646
    }
}