{
    "counter": {
        "ACTIVE": 33046,
        "INACTIVE": 5240,
        "INVALID": 4,
        "MALICIOUS": 0,
        "SANE": 0,
        "VALID": 0,
        "total": 38290
    },
    "percentage": {
        "ACTIVE": 86.30451815095326,
        "INACTIVE": 13.685035257247323,
        "INVALID": 0.010446591799425437,
        "MALICIOUS": 0.0,
        "SANE": 0.0,
        "VALID": 0.0,
        "total": 100.0
    }
}