{
    "counter": {
        "ACTIVE": 42693,
        "INACTIVE": 6862,
        "INVALID": 6,
        "MALICIOUS": 0,
        "SANE": 0,
        "VALID": 0,
        "total": 49561
    },
    "percentage": {
        "ACTIVE": 86.14232965436533,
        "INACTIVE": 13.845564052379896,
        "INVALID": 0.012106293254776941,
        "MALICIOUS": 0.0,
        "SANE": 0.0,
        "VALID": 0.0,
        "total": 100.0
    }
}