{
    "counter": {
        "ACTIVE": 38314,
        "INACTIVE": 6289,
        "INVALID": 6,
        "MALICIOUS": 0,
        "SANE": 0,
        "VALID": 0,
        "total": 44609
    },
    "percentage": {
        "ACTIVE": 85.8884978367594,
        "INACTIVE": 14.098051962608443,
        "INVALID": 0.01345020063215943,
        "MALICIOUS": 0.0,
        "SANE": 0.0,
        "VALID": 0.0,
        "total": 100.0
    }
}