{
    "counter": {
        "ACTIVE": 47789,
        "INACTIVE": 8020,
        "INVALID": 6,
        "MALICIOUS": 0,
        "SANE": 0,
        "VALID": 0,
        "total": 55815
    },
    "percentage": {
        "ACTIVE": 85.62035295171549,
        "INACTIVE": 14.368897249843233,
        "INVALID": 0.010749798441279226,
        "MALICIOUS": 0.0,
        "SANE": 0.0,
        "VALID": 0.0,
        "total": 100.0
    }
}