{
    "counter": {
        "ACTIVE": 34113,
        "INACTIVE": 5317,
        "INVALID": 4,
        "MALICIOUS": 0,
        "SANE": 0,
        "VALID": 0,
        "total": 39434
    },
    "percentage": {
        "ACTIVE": 86.50656793629862,
        "INACTIVE": 13.483288532738246,
        "INVALID": 0.010143530963128264,
        "MALICIOUS": 0.0,
        "SANE": 0.0,
        "VALID": 0.0,
        "total": 100.0
    }
}