{
    "counter": {
        "ACTIVE": 24710,
        "INACTIVE": 4048,
        "INVALID": 2,
        "MALICIOUS": 0,
        "SANE": 0,
        "VALID": 0,
        "total": 28760
    },
    "percentage": {
        "ACTIVE": 85.91794158553546,
        "INACTIVE": 14.075593727181056,
        "INVALID": 0.014702639123722707,
        "MALICIOUS": 0,
        "SANE": 0,
        "VALID": 0,
        "total": 100.00823795184024
    }
}