{
    "counter": {
        "ACTIVE": 25683,
        "INACTIVE": 4607,
        "INVALID": 3,
        "MALICIOUS": 0,
        "SANE": 0,
        "VALID": 0,
        "total": 30293
    },
    "percentage": {
        "ACTIVE": 84.78196282969662,
        "INACTIVE": 15.208133892318358,
        "INVALID": 0.00990327798501304,
        "MALICIOUS": 0.0,
        "SANE": 0.0,
        "VALID": 0.0,
        "total": 100.0
    }
}