{
    "counter": {
        "ACTIVE": 47335,
        "INACTIVE": 7800,
        "INVALID": 6,
        "MALICIOUS": 0,
        "SANE": 0,
        "VALID": 0,
        "total": 55141
    },
    "percentage": {
        "ACTIVE": 85.84356467963947,
        "INACTIVE": 14.145554124879853,
        "INVALID": 0.01088119548067681,
        "MALICIOUS": 0.0,
        "SANE": 0.0,
        "VALID": 0.0,
        "total": 100.0
    }
}