{
    "counter": {
        "ACTIVE": 32893,
        "INACTIVE": 5238,
        "INVALID": 4,
        "MALICIOUS": 0,
        "SANE": 0,
        "VALID": 0,
        "total": 38135
    },
    "percentage": {
        "ACTIVE": 86.25409728595778,
        "INACTIVE": 13.735413661990298,
        "INVALID": 0.010489052051920808,
        "MALICIOUS": 0.0,
        "SANE": 0.0,
        "VALID": 0.0,
        "total": 100.0
    }
}