{
    "counter": {
        "ACTIVE": 23783,
        "INACTIVE": 3789,
        "INVALID": 2,
        "MALICIOUS": 0,
        "SANE": 0,
        "VALID": 0,
        "total": 27574
    },
    "percentage": {
        "ACTIVE": 86.25154130702836,
        "INACTIVE": 13.773674070304263,
        "INVALID": 0.014702639123722707,
        "MALICIOUS": 0,
        "SANE": 0,
        "VALID": 0,
        "total": 100.03991801645635
    }
}