{
    "counter": {
        "ACTIVE": 36444,
        "INACTIVE": 5384,
        "INVALID": 4,
        "MALICIOUS": 0,
        "SANE": 0,
        "VALID": 0,
        "total": 41832
    },
    "percentage": {
        "ACTIVE": 87.11990820424555,
        "INACTIVE": 12.870529737999618,
        "INVALID": 0.009562057754828839,
        "MALICIOUS": 0.0,
        "SANE": 0.0,
        "VALID": 0.0,
        "total": 100.0
    }
}