{
    "counter": {
        "ACTIVE": 44327,
        "INACTIVE": 7486,
        "INVALID": 6,
        "MALICIOUS": 0,
        "SANE": 0,
        "VALID": 0,
        "total": 51819
    },
    "percentage": {
        "ACTIVE": 85.54198267044906,
        "INACTIVE": 14.446438565005113,
        "INVALID": 0.011578764545822962,
        "MALICIOUS": 0.0,
        "SANE": 0.0,
        "VALID": 0.0,
        "total": 99.99999999999999
    }
}