{
    "counter": {
        "ACTIVE": 31963,
        "INACTIVE": 5083,
        "INVALID": 4,
        "MALICIOUS": 0,
        "SANE": 0,
        "VALID": 0,
        "total": 37050
    },
    "percentage": {
        "ACTIVE": 86.26990553306342,
        "INACTIVE": 13.719298245614034,
        "INVALID": 0.010796221322537112,
        "MALICIOUS": 0.0,
        "SANE": 0.0,
        "VALID": 0.0,
        "total": 99.99999999999999
    }
}