{
    "counter": {
        "ACTIVE": 40046,
        "INACTIVE": 6489,
        "INVALID": 6,
        "MALICIOUS": 0,
        "SANE": 0,
        "VALID": 0,
        "total": 46541
    },
    "percentage": {
        "ACTIVE": 86.04456285855483,
        "INACTIVE": 13.942545282654004,
        "INVALID": 0.012891858791173374,
        "MALICIOUS": 0.0,
        "SANE": 0.0,
        "VALID": 0.0,
        "total": 100.00000000000001
    }
}