{
    "counter": {
        "ACTIVE": 26101,
        "INACTIVE": 4622,
        "INVALID": 3,
        "MALICIOUS": 0,
        "SANE": 0,
        "VALID": 0,
        "total": 30726
    },
    "percentage": {
        "ACTIVE": 84.94760137993882,
        "INACTIVE": 15.042634902037362,
        "INVALID": 0.009763718023823472,
        "MALICIOUS": 0.0,
        "SANE": 0.0,
        "VALID": 0.0,
        "total": 100.0
    }
}