{
    "counter": {
        "ACTIVE": 30672,
        "INACTIVE": 4951,
        "INVALID": 4,
        "MALICIOUS": 0,
        "SANE": 0,
        "VALID": 0,
        "total": 35627
    },
    "percentage": {
        "ACTIVE": 86.09200886967749,
        "INACTIVE": 13.899104460851746,
        "INVALID": 0.012046741356463078,
        "MALICIOUS": 0.0,
        "SANE": 0.0,
        "VALID": 0.0,
        "total": 100.00316007188569
    }
}