{
    "counter": {
        "ACTIVE": 28732,
        "INACTIVE": 4726,
        "INVALID": 4,
        "MALICIOUS": 0,
        "SANE": 0,
        "VALID": 0,
        "total": 33462
    },
    "percentage": {
        "ACTIVE": 85.86456278763971,
        "INACTIVE": 14.128550074738415,
        "INVALID": 0.012046741356463078,
        "MALICIOUS": 0.0,
        "SANE": 0.0,
        "VALID": 0.0,
        "total": 100.00515960373458
    }
}