{
    "counter": {
        "ACTIVE": 17269,
        "INACTIVE": 3461,
        "INVALID": 2,
        "MALICIOUS": 0,
        "SANE": 0,
        "VALID": 0,
        "total": 20732
    },
    "percentage": {
        "ACTIVE": 83.29635346324523,
        "INACTIVE": 16.726271022617436,
        "INVALID": 0.014702639123722707,
        "MALICIOUS": 0,
        "SANE": 0,
        "VALID": 0,
        "total": 100.03732712498639
    }
}