{
    "counter": {
        "ACTIVE": 17520,
        "INACTIVE": 3462,
        "INVALID": 2,
        "MALICIOUS": 0,
        "SANE": 0,
        "VALID": 0,
        "total": 20984
    },
    "percentage": {
        "ACTIVE": 83.49218452154022,
        "INACTIVE": 16.596356663470758,
        "INVALID": 0.014702639123722707,
        "MALICIOUS": 0,
        "SANE": 0,
        "VALID": 0,
        "total": 100.10324382413471
    }
}