{
    "counter": {
        "ACTIVE": 19525,
        "INACTIVE": 3564,
        "INVALID": 2,
        "MALICIOUS": 0,
        "SANE": 0,
        "VALID": 0,
        "total": 23091
    },
    "percentage": {
        "ACTIVE": 84.55675371356806,
        "INACTIVE": 15.435253356431355,
        "INVALID": 0.014702639123722707,
        "MALICIOUS": 0,
        "SANE": 0,
        "VALID": 0,
        "total": 100.00670970912314
    }
}