{
    "counter": {
        "ACTIVE": 46844,
        "INACTIVE": 7714,
        "INVALID": 6,
        "MALICIOUS": 0,
        "SANE": 0,
        "VALID": 0,
        "total": 54564
    },
    "percentage": {
        "ACTIVE": 85.85147716443076,
        "INACTIVE": 14.137526574298072,
        "INVALID": 0.010996261271167804,
        "MALICIOUS": 0.0,
        "SANE": 0.0,
        "VALID": 0.0,
        "total": 100.0
    }
}