{
    "counter": {
        "ACTIVE": 20498,
        "INACTIVE": 3611,
        "INVALID": 2,
        "MALICIOUS": 0,
        "SANE": 0,
        "VALID": 0,
        "total": 24111
    },
    "percentage": {
        "ACTIVE": 85.01513831860976,
        "INACTIVE": 14.977187888842804,
        "INVALID": 0.014702639123722707,
        "MALICIOUS": 0,
        "SANE": 0,
        "VALID": 0,
        "total": 100.00702884657629
    }
}