{
    "counter": {
        "ACTIVE": 21932,
        "INACTIVE": 3681,
        "INVALID": 2,
        "MALICIOUS": 0,
        "SANE": 0,
        "VALID": 0,
        "total": 25615
    },
    "percentage": {
        "ACTIVE": 85.6217060316221,
        "INACTIVE": 14.55285838538784,
        "INVALID": 0.014702639123722707,
        "MALICIOUS": 0,
        "SANE": 0,
        "VALID": 0,
        "total": 100.18926705613366
    }
}