{
    "counter": {
        "ACTIVE": 27405,
        "INACTIVE": 4647,
        "INVALID": 4,
        "MALICIOUS": 0,
        "SANE": 0,
        "VALID": 0,
        "total": 32056
    },
    "percentage": {
        "ACTIVE": 85.49101572248566,
        "INACTIVE": 14.496506114299976,
        "INVALID": 0.012478163214374845,
        "MALICIOUS": 0.0,
        "SANE": 0.0,
        "VALID": 0.0,
        "total": 100.0
    }
}