{
    "counter": {
        "ACTIVE": 49484,
        "INACTIVE": 8352,
        "INVALID": 6,
        "MALICIOUS": 0,
        "SANE": 0,
        "VALID": 0,
        "total": 57842
    },
    "percentage": {
        "ACTIVE": 85.55029217523598,
        "INACTIVE": 14.439334739462675,
        "INVALID": 0.010373085301338129,
        "MALICIOUS": 0.0,
        "SANE": 0.0,
        "VALID": 0.0,
        "total": 100.0
    }
}