{
    "counter": {
        "ACTIVE": 22747,
        "INACTIVE": 3730,
        "INVALID": 2,
        "MALICIOUS": 0,
        "SANE": 0,
        "VALID": 0,
        "total": 26479
    },
    "percentage": {
        "ACTIVE": 85.90581215302693,
        "INACTIVE": 14.08876298394712,
        "INVALID": 0.014702639123722707,
        "MALICIOUS": 0,
        "SANE": 0,
        "VALID": 0,
        "total": 100.00927777609778
    }
}