{
    "counter": {
        "ACTIVE": 26459,
        "INACTIVE": 4638,
        "INVALID": 3,
        "MALICIOUS": 0,
        "SANE": 0,
        "VALID": 0,
        "total": 31100
    },
    "percentage": {
        "ACTIVE": 85.07717041800643,
        "INACTIVE": 14.913183279742766,
        "INVALID": 0.00964630225080386,
        "MALICIOUS": 0.0,
        "SANE": 0.0,
        "VALID": 0.0,
        "total": 100.0
    }
}