{
    "counter": {
        "ACTIVE": 36192,
        "INACTIVE": 5372,
        "INVALID": 4,
        "MALICIOUS": 0,
        "SANE": 0,
        "VALID": 0,
        "total": 41568
    },
    "percentage": {
        "ACTIVE": 87.06697459584295,
        "INACTIVE": 12.923402617397999,
        "INVALID": 0.00962278675904542,
        "MALICIOUS": 0.0,
        "SANE": 0.0,
        "VALID": 0.0,
        "total": 99.99999999999999
    }
}