{
    "counter": {
        "ACTIVE": 48278,
        "INACTIVE": 8129,
        "INVALID": 6,
        "MALICIOUS": 0,
        "SANE": 0,
        "VALID": 0,
        "total": 56413
    },
    "percentage": {
        "ACTIVE": 85.57956499388439,
        "INACTIVE": 14.409799159768138,
        "INVALID": 0.0106358463474731,
        "MALICIOUS": 0.0,
        "SANE": 0.0,
        "VALID": 0.0,
        "total": 100.0
    }
}