{
    "counter": {
        "ACTIVE": 23528,
        "INACTIVE": 3773,
        "INVALID": 2,
        "MALICIOUS": 0,
        "SANE": 0,
        "VALID": 0,
        "total": 27303
    },
    "percentage": {
        "ACTIVE": 86.17368054792513,
        "INACTIVE": 13.873873873873874,
        "INVALID": 0.014702639123722707,
        "MALICIOUS": 0,
        "SANE": 0,
        "VALID": 0,
        "total": 100.06225706092273
    }
}