{
    "counter": {
        "ACTIVE": 19659,
        "INACTIVE": 3568,
        "INVALID": 2,
        "MALICIOUS": 0,
        "SANE": 0,
        "VALID": 0,
        "total": 23229
    },
    "percentage": {
        "ACTIVE": 84.63127986568513,
        "INACTIVE": 15.36275565123789,
        "INVALID": 0.014702639123722707,
        "MALICIOUS": 0,
        "SANE": 0,
        "VALID": 0,
        "total": 100.00873815604675
    }
}