{
    "counter": {
        "ACTIVE": 41384,
        "INACTIVE": 6539,
        "INVALID": 6,
        "MALICIOUS": 0,
        "SANE": 0,
        "VALID": 0,
        "total": 47929
    },
    "percentage": {
        "ACTIVE": 86.34438440192785,
        "INACTIVE": 13.643097081099127,
        "INVALID": 0.012518516973022595,
        "MALICIOUS": 0.0,
        "SANE": 0.0,
        "VALID": 0.0,
        "total": 100.0
    }
}