{
    "counter": {
        "ACTIVE": 19370,
        "INACTIVE": 3550,
        "INVALID": 2,
        "MALICIOUS": 0,
        "SANE": 0,
        "VALID": 0,
        "total": 22922
    },
    "percentage": {
        "ACTIVE": 84.50396998516709,
        "INACTIVE": 15.514378113801241,
        "INVALID": 0.014702639123722707,
        "MALICIOUS": 0,
        "SANE": 0,
        "VALID": 0,
        "total": 100.03305073809206
    }
}