{
    "counter": {
        "ACTIVE": 19400,
        "INACTIVE": 3555,
        "INVALID": 2,
        "MALICIOUS": 0,
        "SANE": 0,
        "VALID": 0,
        "total": 22957
    },
    "percentage": {
        "ACTIVE": 84.50581521975867,
        "INACTIVE": 15.494922198491915,
        "INVALID": 0.014702639123722707,
        "MALICIOUS": 0,
        "SANE": 0,
        "VALID": 0,
        "total": 100.01544005737432
    }
}