{
    "counter": {
        "ACTIVE": 49933,
        "INACTIVE": 8796,
        "INVALID": 6,
        "MALICIOUS": 0,
        "SANE": 0,
        "VALID": 0,
        "total": 58735
    },
    "percentage": {
        "ACTIVE": 85.01404613943986,
        "INACTIVE": 14.975738486422065,
        "INVALID": 0.010215374138077807,
        "MALICIOUS": 0.0,
        "SANE": 0.0,
        "VALID": 0.0,
        "total": 100.0
    }
}