{
    "counter": {
        "ACTIVE": 19516,
        "INACTIVE": 3560,
        "INVALID": 2,
        "MALICIOUS": 0,
        "SANE": 0,
        "VALID": 0,
        "total": 23078
    },
    "percentage": {
        "ACTIVE": 84.56538694860906,
        "INACTIVE": 15.475569466179795,
        "INVALID": 0.014702639123722707,
        "MALICIOUS": 0,
        "SANE": 0,
        "VALID": 0,
        "total": 100.05565905391258
    }
}