{
    "counter": {
        "ACTIVE": 42192,
        "INACTIVE": 6633,
        "INVALID": 6,
        "MALICIOUS": 0,
        "SANE": 0,
        "VALID": 0,
        "total": 48831
    },
    "percentage": {
        "ACTIVE": 86.40412852491245,
        "INACTIVE": 13.583584198562388,
        "INVALID": 0.012287276525158198,
        "MALICIOUS": 0.0,
        "SANE": 0.0,
        "VALID": 0.0,
        "total": 100.0
    }
}