{
    "counter": {
        "ACTIVE": 21780,
        "INACTIVE": 3681,
        "INVALID": 2,
        "MALICIOUS": 0,
        "SANE": 0,
        "VALID": 0,
        "total": 25463
    },
    "percentage": {
        "ACTIVE": 85.53587558418097,
        "INACTIVE": 14.55285838538784,
        "INVALID": 0.014702639123722707,
        "MALICIOUS": 0,
        "SANE": 0,
        "VALID": 0,
        "total": 100.10343660869253
    }
}