{
    "counter": {
        "ACTIVE": 25705,
        "INACTIVE": 4608,
        "INVALID": 3,
        "MALICIOUS": 0,
        "SANE": 0,
        "VALID": 0,
        "total": 30316
    },
    "percentage": {
        "ACTIVE": 84.79020979020979,
        "INACTIVE": 15.199894445177463,
        "INVALID": 0.009895764612745744,
        "MALICIOUS": 0.0,
        "SANE": 0.0,
        "VALID": 0.0,
        "total": 100.0
    }
}