{
    "counter": {
        "ACTIVE": 18832,
        "INACTIVE": 3517,
        "INVALID": 2,
        "MALICIOUS": 0,
        "SANE": 0,
        "VALID": 0,
        "total": 22351
    },
    "percentage": {
        "ACTIVE": 84.25573799829985,
        "INACTIVE": 15.742357101293585,
        "INVALID": 0.014702639123722707,
        "MALICIOUS": 0,
        "SANE": 0,
        "VALID": 0,
        "total": 100.01279773871715
    }
}