{
    "counter": {
        "ACTIVE": 49165,
        "INACTIVE": 8331,
        "INVALID": 6,
        "MALICIOUS": 0,
        "SANE": 0,
        "VALID": 0,
        "total": 57502
    },
    "percentage": {
        "ACTIVE": 85.50137386525687,
        "INACTIVE": 14.48819171507078,
        "INVALID": 0.010434419672359222,
        "MALICIOUS": 0.0,
        "SANE": 0.0,
        "VALID": 0.0,
        "total": 100.00000000000001
    }
}