{
    "counter": {
        "ACTIVE": 46172,
        "INACTIVE": 7677,
        "INVALID": 6,
        "MALICIOUS": 0,
        "SANE": 0,
        "VALID": 0,
        "total": 53855
    },
    "percentage": {
        "ACTIVE": 85.7339151425123,
        "INACTIVE": 14.254943830656392,
        "INVALID": 0.011141026831306286,
        "MALICIOUS": 0.0,
        "SANE": 0.0,
        "VALID": 0.0,
        "total": 100.0
    }
}