{
    "counter": {
        "ACTIVE": 14606,
        "INACTIVE": 2915,
        "INVALID": 2,
        "MALICIOUS": 0,
        "SANE": 0,
        "VALID": 0,
        "total": 17523
    },
    "percentage": {
        "ACTIVE": 83.35330708212064,
        "INACTIVE": 16.65333638025594,
        "INVALID": 0.014702639123722707,
        "MALICIOUS": 0,
        "SANE": 0,
        "VALID": 0,
        "total": 100.0213461015003
    }
}