{
    "counter": {
        "ACTIVE": 34605,
        "INACTIVE": 5336,
        "INVALID": 4,
        "MALICIOUS": 0,
        "SANE": 0,
        "VALID": 0,
        "total": 39945
    },
    "percentage": {
        "ACTIVE": 86.63161847540368,
        "INACTIVE": 13.358367755664037,
        "INVALID": 0.010013768932281888,
        "MALICIOUS": 0.0,
        "SANE": 0.0,
        "VALID": 0.0,
        "total": 100.0
    }
}