{
    "counter": {
        "ACTIVE": 45004,
        "INACTIVE": 7579,
        "INVALID": 6,
        "MALICIOUS": 0,
        "SANE": 0,
        "VALID": 0,
        "total": 52589
    },
    "percentage": {
        "ACTIVE": 85.57683165681036,
        "INACTIVE": 14.411759113122516,
        "INVALID": 0.011409230067124304,
        "MALICIOUS": 0.0,
        "SANE": 0.0,
        "VALID": 0.0,
        "total": 100.0
    }
}