{
    "counter": {
        "ACTIVE": 26816,
        "INACTIVE": 4641,
        "INVALID": 4,
        "MALICIOUS": 0,
        "SANE": 0,
        "VALID": 0,
        "total": 31461
    },
    "percentage": {
        "ACTIVE": 85.23568863036776,
        "INACTIVE": 14.751597215600267,
        "INVALID": 0.012714154031976097,
        "MALICIOUS": 0.0,
        "SANE": 0.0,
        "VALID": 0.0,
        "total": 100.00000000000001
    }
}