{
    "counter": {
        "ACTIVE": 16710,
        "INACTIVE": 3400,
        "INVALID": 2,
        "MALICIOUS": 0,
        "SANE": 0,
        "VALID": 0,
        "total": 20112
    },
    "percentage": {
        "ACTIVE": 83.08472553699283,
        "INACTIVE": 16.93311419891429,
        "INVALID": 0.014702639123722707,
        "MALICIOUS": 0,
        "SANE": 0,
        "VALID": 0,
        "total": 100.03254237503086
    }
}