{
    "counter": {
        "ACTIVE": 37917,
        "INACTIVE": 6277,
        "INVALID": 6,
        "MALICIOUS": 0,
        "SANE": 0,
        "VALID": 0,
        "total": 44200
    },
    "percentage": {
        "ACTIVE": 85.78506787330316,
        "INACTIVE": 14.201357466063348,
        "INVALID": 0.013574660633484163,
        "MALICIOUS": 0.0,
        "SANE": 0.0,
        "VALID": 0.0,
        "total": 99.99999999999999
    }
}