{
    "counter": {
        "ACTIVE": 39249,
        "INACTIVE": 6350,
        "INVALID": 6,
        "MALICIOUS": 0,
        "SANE": 0,
        "VALID": 0,
        "total": 45605
    },
    "percentage": {
        "ACTIVE": 86.06293169608595,
        "INACTIVE": 13.923911851770638,
        "INVALID": 0.013156452143405328,
        "MALICIOUS": 0.0,
        "SANE": 0.0,
        "VALID": 0.0,
        "total": 100.0
    }
}