{
    "counter": {
        "ACTIVE": 19900,
        "INACTIVE": 3579,
        "INVALID": 2,
        "MALICIOUS": 0,
        "SANE": 0,
        "VALID": 0,
        "total": 23481
    },
    "percentage": {
        "ACTIVE": 84.75298126064736,
        "INACTIVE": 15.242110642647246,
        "INVALID": 0.014702639123722707,
        "MALICIOUS": 0,
        "SANE": 0,
        "VALID": 0,
        "total": 100.00979454241833
    }
}