{
    "counter": {
        "ACTIVE": 30201,
        "INACTIVE": 4786,
        "INVALID": 4,
        "MALICIOUS": 0,
        "SANE": 0,
        "VALID": 0,
        "total": 34991
    },
    "percentage": {
        "ACTIVE": 86.31076562544655,
        "INACTIVE": 13.680539675280128,
        "INVALID": 0.012046741356463078,
        "MALICIOUS": 0.0,
        "SANE": 0.0,
        "VALID": 0.0,
        "total": 100.00335204208314
    }
}