{
    "counter": {
        "ACTIVE": 22559,
        "INACTIVE": 3717,
        "INVALID": 2,
        "MALICIOUS": 0,
        "SANE": 0,
        "VALID": 0,
        "total": 26278
    },
    "percentage": {
        "ACTIVE": 85.84747697693888,
        "INACTIVE": 14.148681055155876,
        "INVALID": 0.014702639123722707,
        "MALICIOUS": 0,
        "SANE": 0,
        "VALID": 0,
        "total": 100.01086067121848
    }
}