{
    "counter": {
        "ACTIVE": 19775,
        "INACTIVE": 3570,
        "INVALID": 2,
        "MALICIOUS": 0,
        "SANE": 0,
        "VALID": 0,
        "total": 23347
    },
    "percentage": {
        "ACTIVE": 84.70038977170515,
        "INACTIVE": 15.303497942386832,
        "INVALID": 0.014702639123722707,
        "MALICIOUS": 0,
        "SANE": 0,
        "VALID": 0,
        "total": 100.0185903532157
    }
}