{
    "counter": {
        "ACTIVE": 24738,
        "INACTIVE": 4049,
        "INVALID": 2,
        "MALICIOUS": 0,
        "SANE": 0,
        "VALID": 0,
        "total": 28789
    },
    "percentage": {
        "ACTIVE": 85.9286533050818,
        "INACTIVE": 14.076623557224309,
        "INVALID": 0.014702639123722707,
        "MALICIOUS": 0,
        "SANE": 0,
        "VALID": 0,
        "total": 100.01997950142983
    }
}