{
    "counter": {
        "ACTIVE": 17776,
        "INACTIVE": 3474,
        "INVALID": 2,
        "MALICIOUS": 0,
        "SANE": 0,
        "VALID": 0,
        "total": 21252
    },
    "percentage": {
        "ACTIVE": 83.64389233954451,
        "INACTIVE": 16.389884883940365,
        "INVALID": 0.014702639123722707,
        "MALICIOUS": 0,
        "SANE": 0,
        "VALID": 0,
        "total": 100.0484798626086
    }
}