{
    "counter": {
        "ACTIVE": 20325,
        "INACTIVE": 3607,
        "INVALID": 2,
        "MALICIOUS": 0,
        "SANE": 0,
        "VALID": 0,
        "total": 23934
    },
    "percentage": {
        "ACTIVE": 84.92103284031086,
        "INACTIVE": 15.172674883270938,
        "INVALID": 0.014702639123722707,
        "MALICIOUS": 0,
        "SANE": 0,
        "VALID": 0,
        "total": 100.10841036270553
    }
}