{
    "counter": {
        "ACTIVE": 40267,
        "INACTIVE": 6520,
        "INVALID": 6,
        "MALICIOUS": 0,
        "SANE": 0,
        "VALID": 0,
        "total": 46793
    },
    "percentage": {
        "ACTIVE": 86.05346953604172,
        "INACTIVE": 13.933708033252836,
        "INVALID": 0.012822430705447396,
        "MALICIOUS": 0.0,
        "SANE": 0.0,
        "VALID": 0.0,
        "total": 100.0
    }
}