{
    "counter": {
        "ACTIVE": 46115,
        "INACTIVE": 7676,
        "INVALID": 6,
        "MALICIOUS": 0,
        "SANE": 0,
        "VALID": 0,
        "total": 53797
    },
    "percentage": {
        "ACTIVE": 85.7203933304831,
        "INACTIVE": 14.268453631243379,
        "INVALID": 0.011153038273509676,
        "MALICIOUS": 0.0,
        "SANE": 0.0,
        "VALID": 0.0,
        "total": 99.99999999999999
    }
}