{
    "counter": {
        "ACTIVE": 18905,
        "INACTIVE": 3523,
        "INVALID": 2,
        "MALICIOUS": 0,
        "SANE": 0,
        "VALID": 0,
        "total": 22430
    },
    "percentage": {
        "ACTIVE": 84.284440481498,
        "INACTIVE": 15.714349435746465,
        "INVALID": 0.014702639123722707,
        "MALICIOUS": 0,
        "SANE": 0,
        "VALID": 0,
        "total": 100.01349255636819
    }
}