{
    "counter": {
        "ACTIVE": 46775,
        "INACTIVE": 7712,
        "INVALID": 6,
        "MALICIOUS": 0,
        "SANE": 0,
        "VALID": 0,
        "total": 54493
    },
    "percentage": {
        "ACTIVE": 85.83671297230838,
        "INACTIVE": 14.152276439175674,
        "INVALID": 0.011010588515956177,
        "MALICIOUS": 0.0,
        "SANE": 0.0,
        "VALID": 0.0,
        "total": 100.00000000000001
    }
}