{
    "counter": {
        "ACTIVE": 45755,
        "INACTIVE": 7674,
        "INVALID": 6,
        "MALICIOUS": 0,
        "SANE": 0,
        "VALID": 0,
        "total": 53435
    },
    "percentage": {
        "ACTIVE": 85.62739777299522,
        "INACTIVE": 14.361373631514924,
        "INVALID": 0.011228595489847478,
        "MALICIOUS": 0.0,
        "SANE": 0.0,
        "VALID": 0.0,
        "total": 100.0
    }
}