{
    "counter": {
        "ACTIVE": 34038,
        "INACTIVE": 5316,
        "INVALID": 4,
        "MALICIOUS": 0,
        "SANE": 0,
        "VALID": 0,
        "total": 39358
    },
    "percentage": {
        "ACTIVE": 86.4830530006606,
        "INACTIVE": 13.506783881294782,
        "INVALID": 0.010163118044616087,
        "MALICIOUS": 0.0,
        "SANE": 0.0,
        "VALID": 0.0,
        "total": 100.0
    }
}