{
    "counter": {
        "ACTIVE": 40760,
        "INACTIVE": 6525,
        "INVALID": 6,
        "MALICIOUS": 0,
        "SANE": 0,
        "VALID": 0,
        "total": 47291
    },
    "percentage": {
        "ACTIVE": 86.18976126535705,
        "INACTIVE": 13.797551331120086,
        "INVALID": 0.012687403522869045,
        "MALICIOUS": 0.0,
        "SANE": 0.0,
        "VALID": 0.0,
        "total": 100.00000000000001
    }
}