{
    "counter": {
        "ACTIVE": 50193,
        "INACTIVE": 9030,
        "INVALID": 6,
        "MALICIOUS": 0,
        "SANE": 0,
        "VALID": 0,
        "total": 59229
    },
    "percentage": {
        "ACTIVE": 84.74395988451603,
        "INACTIVE": 15.245909942764523,
        "INVALID": 0.010130172719444866,
        "MALICIOUS": 0.0,
        "SANE": 0.0,
        "VALID": 0.0,
        "total": 100.0
    }
}