{
    "counter": {
        "ACTIVE": 25487,
        "INACTIVE": 4580,
        "INVALID": 3,
        "MALICIOUS": 0,
        "SANE": 0,
        "VALID": 0,
        "total": 30070
    },
    "percentage": {
        "ACTIVE": 84.75889590954439,
        "INACTIVE": 15.231127369471233,
        "INVALID": 0.009976720984369804,
        "MALICIOUS": 0.0,
        "SANE": 0.0,
        "VALID": 0.0,
        "total": 100.0
    }
}