{
    "counter": {
        "ACTIVE": 41221,
        "INACTIVE": 6538,
        "INVALID": 6,
        "MALICIOUS": 0,
        "SANE": 0,
        "VALID": 0,
        "total": 47765
    },
    "percentage": {
        "ACTIVE": 86.29959175128232,
        "INACTIVE": 13.687846749712133,
        "INVALID": 0.012561499005547995,
        "MALICIOUS": 0.0,
        "SANE": 0.0,
        "VALID": 0.0,
        "total": 100.0
    }
}