{
    "counter": {
        "ACTIVE": 24299,
        "INACTIVE": 3854,
        "INVALID": 2,
        "MALICIOUS": 0,
        "SANE": 0,
        "VALID": 0,
        "total": 28155
    },
    "percentage": {
        "ACTIVE": 86.30438643225004,
        "INACTIVE": 13.694833345178026,
        "INVALID": 0.014702639123722707,
        "MALICIOUS": 0,
        "SANE": 0,
        "VALID": 0,
        "total": 100.0139224165518
    }
}