{
    "counter": {
        "ACTIVE": 29539,
        "INACTIVE": 4732,
        "INVALID": 4,
        "MALICIOUS": 0,
        "SANE": 0,
        "VALID": 0,
        "total": 34275
    },
    "percentage": {
        "ACTIVE": 86.18234865061999,
        "INACTIVE": 13.818882691352977,
        "INVALID": 0.012046741356463078,
        "MALICIOUS": 0.0,
        "SANE": 0.0,
        "VALID": 0.0,
        "total": 100.01327808332942
    }
}