{
    "counter": {
        "ACTIVE": 18803,
        "INACTIVE": 3513,
        "INVALID": 2,
        "MALICIOUS": 0,
        "SANE": 0,
        "VALID": 0,
        "total": 22318
    },
    "percentage": {
        "ACTIVE": 84.25038085849987,
        "INACTIVE": 15.763259445391725,
        "INVALID": 0.014702639123722707,
        "MALICIOUS": 0,
        "SANE": 0,
        "VALID": 0,
        "total": 100.02834294301532
    }
}