{
    "counter": {
        "ACTIVE": 42945,
        "INACTIVE": 7070,
        "INVALID": 6,
        "MALICIOUS": 0,
        "SANE": 0,
        "VALID": 0,
        "total": 50021
    },
    "percentage": {
        "ACTIVE": 85.85394134463526,
        "INACTIVE": 14.134063693248835,
        "INVALID": 0.011994962115911317,
        "MALICIOUS": 0.0,
        "SANE": 0.0,
        "VALID": 0.0,
        "total": 100.0
    }
}