{
    "counter": {
        "ACTIVE": 26815,
        "INACTIVE": 4641,
        "INVALID": 4,
        "MALICIOUS": 0,
        "SANE": 0,
        "VALID": 0,
        "total": 31460
    },
    "percentage": {
        "ACTIVE": 85.23521932612842,
        "INACTIVE": 14.75206611570248,
        "INVALID": 0.012714558169103624,
        "MALICIOUS": 0.0,
        "SANE": 0.0,
        "VALID": 0.0,
        "total": 100.0
    }
}