{
    "counter": {
        "ACTIVE": 18957,
        "INACTIVE": 3526,
        "INVALID": 2,
        "MALICIOUS": 0,
        "SANE": 0,
        "VALID": 0,
        "total": 22485
    },
    "percentage": {
        "ACTIVE": 84.30953969312876,
        "INACTIVE": 15.692732208821042,
        "INVALID": 0.014702639123722707,
        "MALICIOUS": 0,
        "SANE": 0,
        "VALID": 0,
        "total": 100.01697454107352
    }
}