{
    "counter": {
        "ACTIVE": 35532,
        "INACTIVE": 5357,
        "INVALID": 4,
        "MALICIOUS": 0,
        "SANE": 0,
        "VALID": 0,
        "total": 40893
    },
    "percentage": {
        "ACTIVE": 86.8901768028758,
        "INACTIVE": 13.100041571907173,
        "INVALID": 0.00978162521702981,
        "MALICIOUS": 0.0,
        "SANE": 0.0,
        "VALID": 0.0,
        "total": 100.0
    }
}