{
    "counter": {
        "ACTIVE": 27795,
        "INACTIVE": 4655,
        "INVALID": 4,
        "MALICIOUS": 0,
        "SANE": 0,
        "VALID": 0,
        "total": 32454
    },
    "percentage": {
        "ACTIVE": 85.64429654279904,
        "INACTIVE": 14.343378320083811,
        "INVALID": 0.012325137117150428,
        "MALICIOUS": 0.0,
        "SANE": 0.0,
        "VALID": 0.0,
        "total": 100.0
    }
}