{
    "counter": {
        "ACTIVE": 30916,
        "INACTIVE": 4955,
        "INVALID": 4,
        "MALICIOUS": 0,
        "SANE": 0,
        "VALID": 0,
        "total": 35875
    },
    "percentage": {
        "ACTIVE": 86.17700348432055,
        "INACTIVE": 13.84542304683134,
        "INVALID": 0.012046741356463078,
        "MALICIOUS": 0.0,
        "SANE": 0.0,
        "VALID": 0.0,
        "total": 100.03447327250835
    }
}