{
    "counter": {
        "ACTIVE": 24759,
        "INACTIVE": 4056,
        "INVALID": 2,
        "MALICIOUS": 0,
        "SANE": 0,
        "VALID": 0,
        "total": 28817
    },
    "percentage": {
        "ACTIVE": 85.91803449352813,
        "INACTIVE": 14.085289623558827,
        "INVALID": 0.014702639123722707,
        "MALICIOUS": 0,
        "SANE": 0,
        "VALID": 0,
        "total": 100.01802675621067
    }
}