{
    "counter": {
        "ACTIVE": 45913,
        "INACTIVE": 7674,
        "INVALID": 6,
        "MALICIOUS": 0,
        "SANE": 0,
        "VALID": 0,
        "total": 53593
    },
    "percentage": {
        "ACTIVE": 85.66977030582352,
        "INACTIVE": 14.319034202227902,
        "INVALID": 0.011195491948575373,
        "MALICIOUS": 0.0,
        "SANE": 0.0,
        "VALID": 0.0,
        "total": 99.99999999999999
    }
}