{
    "counter": {
        "ACTIVE": 32625,
        "INACTIVE": 5226,
        "INVALID": 4,
        "MALICIOUS": 0,
        "SANE": 0,
        "VALID": 0,
        "total": 37855
    },
    "percentage": {
        "ACTIVE": 86.18412362963942,
        "INACTIVE": 13.805309734513274,
        "INVALID": 0.010566635847312112,
        "MALICIOUS": 0.0,
        "SANE": 0.0,
        "VALID": 0.0,
        "total": 100.0
    }
}