{
    "counter": {
        "ACTIVE": 23680,
        "INACTIVE": 3773,
        "INVALID": 2,
        "MALICIOUS": 0,
        "SANE": 0,
        "VALID": 0,
        "total": 27455
    },
    "percentage": {
        "ACTIVE": 86.25022764523766,
        "INACTIVE": 13.873873873873874,
        "INVALID": 0.014702639123722707,
        "MALICIOUS": 0,
        "SANE": 0,
        "VALID": 0,
        "total": 100.13880415823526
    }
}