{
    "counter": {
        "ACTIVE": 22290,
        "INACTIVE": 3705,
        "INVALID": 2,
        "MALICIOUS": 0,
        "SANE": 0,
        "VALID": 0,
        "total": 25997
    },
    "percentage": {
        "ACTIVE": 85.74066238412125,
        "INACTIVE": 14.260421076940842,
        "INVALID": 0.014702639123722707,
        "MALICIOUS": 0,
        "SANE": 0,
        "VALID": 0,
        "total": 100.01578610018582
    }
}