{
    "counter": {
        "ACTIVE": 30312,
        "INACTIVE": 4794,
        "INVALID": 4,
        "MALICIOUS": 0,
        "SANE": 0,
        "VALID": 0,
        "total": 35110
    },
    "percentage": {
        "ACTIVE": 86.33437767017944,
        "INACTIVE": 13.65889794290273,
        "INVALID": 0.012046741356463078,
        "MALICIOUS": 0.0,
        "SANE": 0.0,
        "VALID": 0.0,
        "total": 100.00532235443862
    }
}