{
    "counter": {
        "ACTIVE": 19372,
        "INACTIVE": 3550,
        "INVALID": 2,
        "MALICIOUS": 0,
        "SANE": 0,
        "VALID": 0,
        "total": 22924
    },
    "percentage": {
        "ACTIVE": 84.50532193334496,
        "INACTIVE": 15.514378113801241,
        "INVALID": 0.014702639123722707,
        "MALICIOUS": 0,
        "SANE": 0,
        "VALID": 0,
        "total": 100.03440268626993
    }
}