{
    "counter": {
        "ACTIVE": 44672,
        "INACTIVE": 7536,
        "INVALID": 6,
        "MALICIOUS": 0,
        "SANE": 0,
        "VALID": 0,
        "total": 52214
    },
    "percentage": {
        "ACTIVE": 85.55559811544796,
        "INACTIVE": 14.432910713601716,
        "INVALID": 0.011491170950319837,
        "MALICIOUS": 0.0,
        "SANE": 0.0,
        "VALID": 0.0,
        "total": 100.0
    }
}