{
    "counter": {
        "ACTIVE": 21306,
        "INACTIVE": 3674,
        "INVALID": 2,
        "MALICIOUS": 0,
        "SANE": 0,
        "VALID": 0,
        "total": 24982
    },
    "percentage": {
        "ACTIVE": 85.28540549195421,
        "INACTIVE": 14.763914004420334,
        "INVALID": 0.014702639123722707,
        "MALICIOUS": 0,
        "SANE": 0,
        "VALID": 0,
        "total": 100.06402213549826
    }
}