{
    "counter": {
        "ACTIVE": 48367,
        "INACTIVE": 8134,
        "INVALID": 6,
        "MALICIOUS": 0,
        "SANE": 0,
        "VALID": 0,
        "total": 56507
    },
    "percentage": {
        "ACTIVE": 85.59470508078645,
        "INACTIVE": 14.394676765710443,
        "INVALID": 0.01061815350310581,
        "MALICIOUS": 0.0,
        "SANE": 0.0,
        "VALID": 0.0,
        "total": 100.0
    }
}