{
    "counter": {
        "ACTIVE": 19903,
        "INACTIVE": 3579,
        "INVALID": 2,
        "MALICIOUS": 0,
        "SANE": 0,
        "VALID": 0,
        "total": 23484
    },
    "percentage": {
        "ACTIVE": 84.75132004769205,
        "INACTIVE": 15.242110642647246,
        "INVALID": 0.014702639123722707,
        "MALICIOUS": 0,
        "SANE": 0,
        "VALID": 0,
        "total": 100.00813332946302
    }
}