{
    "counter": {
        "ACTIVE": 26562,
        "INACTIVE": 4638,
        "INVALID": 4,
        "MALICIOUS": 0,
        "SANE": 0,
        "VALID": 0,
        "total": 31204
    },
    "percentage": {
        "ACTIVE": 85.12370208947571,
        "INACTIVE": 14.86347904114857,
        "INVALID": 0.012818869375721062,
        "MALICIOUS": 0.0,
        "SANE": 0.0,
        "VALID": 0.0,
        "total": 100.0
    }
}