{
    "counter": {
        "ACTIVE": 42374,
        "INACTIVE": 6745,
        "INVALID": 6,
        "MALICIOUS": 0,
        "SANE": 0,
        "VALID": 0,
        "total": 49125
    },
    "percentage": {
        "ACTIVE": 86.25750636132315,
        "INACTIVE": 13.73027989821883,
        "INVALID": 0.012213740458015267,
        "MALICIOUS": 0.0,
        "SANE": 0.0,
        "VALID": 0.0,
        "total": 99.99999999999999
    }
}