{
    "counter": {
        "ACTIVE": 49023,
        "INACTIVE": 8314,
        "INVALID": 6,
        "MALICIOUS": 0,
        "SANE": 0,
        "VALID": 0,
        "total": 57343
    },
    "percentage": {
        "ACTIVE": 85.49081840852415,
        "INACTIVE": 14.49871823936662,
        "INVALID": 0.010463352109237396,
        "MALICIOUS": 0.0,
        "SANE": 0.0,
        "VALID": 0.0,
        "total": 100.00000000000001
    }
}