{
    "counter": {
        "ACTIVE": 43609,
        "INACTIVE": 7242,
        "INVALID": 6,
        "MALICIOUS": 0,
        "SANE": 0,
        "VALID": 0,
        "total": 50857
    },
    "percentage": {
        "ACTIVE": 85.74827457380498,
        "INACTIVE": 14.239927640246181,
        "INVALID": 0.011797785948836934,
        "MALICIOUS": 0.0,
        "SANE": 0.0,
        "VALID": 0.0,
        "total": 100.0
    }
}