{
    "counter": {
        "ACTIVE": 47613,
        "INACTIVE": 7976,
        "INVALID": 6,
        "MALICIOUS": 0,
        "SANE": 0,
        "VALID": 0,
        "total": 55595
    },
    "percentage": {
        "ACTIVE": 85.64259375843152,
        "INACTIVE": 14.34661390412807,
        "INVALID": 0.010792337440417304,
        "MALICIOUS": 0.0,
        "SANE": 0.0,
        "VALID": 0.0,
        "total": 100.0
    }
}