{
    "counter": {
        "ACTIVE": 26542,
        "INACTIVE": 4638,
        "INVALID": 4,
        "MALICIOUS": 0,
        "SANE": 0,
        "VALID": 0,
        "total": 31184
    },
    "percentage": {
        "ACTIVE": 85.11416110826065,
        "INACTIVE": 14.87301180092355,
        "INVALID": 0.012827090815802977,
        "MALICIOUS": 0.0,
        "SANE": 0.0,
        "VALID": 0.0,
        "total": 100.0
    }
}