{
    "counter": {
        "ACTIVE": 25958,
        "INACTIVE": 4620,
        "INVALID": 3,
        "MALICIOUS": 0,
        "SANE": 0,
        "VALID": 0,
        "total": 30581
    },
    "percentage": {
        "ACTIVE": 84.88277034760145,
        "INACTIVE": 15.107419639645531,
        "INVALID": 0.00981001275301658,
        "MALICIOUS": 0.0,
        "SANE": 0.0,
        "VALID": 0.0,
        "total": 100.0
    }
}