{
    "counter": {
        "ACTIVE": 29278,
        "INACTIVE": 4729,
        "INVALID": 4,
        "MALICIOUS": 0,
        "SANE": 0,
        "VALID": 0,
        "total": 34011
    },
    "percentage": {
        "ACTIVE": 86.08391402781453,
        "INACTIVE": 13.908005411446386,
        "INVALID": 0.012046741356463078,
        "MALICIOUS": 0.0,
        "SANE": 0.0,
        "VALID": 0.0,
        "total": 100.00396618061737
    }
}