{
    "counter": {
        "ACTIVE": 18719,
        "INACTIVE": 3504,
        "INVALID": 2,
        "MALICIOUS": 0,
        "SANE": 0,
        "VALID": 0,
        "total": 22225
    },
    "percentage": {
        "ACTIVE": 84.22497187851519,
        "INACTIVE": 15.78236194937393,
        "INVALID": 0.014702639123722707,
        "MALICIOUS": 0,
        "SANE": 0,
        "VALID": 0,
        "total": 100.02203646701285
    }
}