{
    "counter": {
        "ACTIVE": 17874,
        "INACTIVE": 3476,
        "INVALID": 2,
        "MALICIOUS": 0,
        "SANE": 0,
        "VALID": 0,
        "total": 21352
    },
    "percentage": {
        "ACTIVE": 83.71112776320719,
        "INACTIVE": 16.3069994370426,
        "INVALID": 0.014702639123722707,
        "MALICIOUS": 0,
        "SANE": 0,
        "VALID": 0,
        "total": 100.0328298393735
    }
}