{
    "counter": {
        "ACTIVE": 37592,
        "INACTIVE": 6154,
        "INVALID": 6,
        "MALICIOUS": 0,
        "SANE": 0,
        "VALID": 0,
        "total": 43752
    },
    "percentage": {
        "ACTIVE": 85.92064362771987,
        "INACTIVE": 14.065642713475956,
        "INVALID": 0.013713658804168952,
        "MALICIOUS": 0.0,
        "SANE": 0.0,
        "VALID": 0.0,
        "total": 99.99999999999999
    }
}