{
    "counter": {
        "ACTIVE": 38344,
        "INACTIVE": 6294,
        "INVALID": 6,
        "MALICIOUS": 0,
        "SANE": 0,
        "VALID": 0,
        "total": 44644
    },
    "percentage": {
        "ACTIVE": 85.8883612579518,
        "INACTIVE": 14.098199086103396,
        "INVALID": 0.013439655944807814,
        "MALICIOUS": 0.0,
        "SANE": 0.0,
        "VALID": 0.0,
        "total": 100.0
    }
}