{
    "counter": {
        "ACTIVE": 47832,
        "INACTIVE": 8039,
        "INVALID": 6,
        "MALICIOUS": 0,
        "SANE": 0,
        "VALID": 0,
        "total": 55877
    },
    "percentage": {
        "ACTIVE": 85.60230506290603,
        "INACTIVE": 14.38695706641373,
        "INVALID": 0.010737870680244108,
        "MALICIOUS": 0.0,
        "SANE": 0.0,
        "VALID": 0.0,
        "total": 100.0
    }
}