{
    "counter": {
        "ACTIVE": 17178,
        "INACTIVE": 3458,
        "INVALID": 2,
        "MALICIOUS": 0,
        "SANE": 0,
        "VALID": 0,
        "total": 20638
    },
    "percentage": {
        "ACTIVE": 83.23480957457117,
        "INACTIVE": 16.77175283732661,
        "INVALID": 0.014702639123722707,
        "MALICIOUS": 0,
        "SANE": 0,
        "VALID": 0,
        "total": 100.02126505102152
    }
}