{
    "counter": {
        "ACTIVE": 33896,
        "INACTIVE": 5314,
        "INVALID": 4,
        "MALICIOUS": 0,
        "SANE": 0,
        "VALID": 0,
        "total": 39214
    },
    "percentage": {
        "ACTIVE": 86.43851685622482,
        "INACTIVE": 13.551282705156321,
        "INVALID": 0.010200438618860611,
        "MALICIOUS": 0.0,
        "SANE": 0.0,
        "VALID": 0.0,
        "total": 100.00000000000001
    }
}