{
    "counter": {
        "ACTIVE": 44923,
        "INACTIVE": 7558,
        "INVALID": 6,
        "MALICIOUS": 0,
        "SANE": 0,
        "VALID": 0,
        "total": 52487
    },
    "percentage": {
        "ACTIVE": 85.58881246784918,
        "INACTIVE": 14.399756130089356,
        "INVALID": 0.011431402061462839,
        "MALICIOUS": 0.0,
        "SANE": 0.0,
        "VALID": 0.0,
        "total": 100.0
    }
}