{
    "counter": {
        "ACTIVE": 22480,
        "INACTIVE": 3714,
        "INVALID": 2,
        "MALICIOUS": 0,
        "SANE": 0,
        "VALID": 0,
        "total": 26196
    },
    "percentage": {
        "ACTIVE": 85.81462818750954,
        "INACTIVE": 14.19616237290727,
        "INVALID": 0.014702639123722707,
        "MALICIOUS": 0,
        "SANE": 0,
        "VALID": 0,
        "total": 100.02549319954053
    }
}