{
    "counter": {
        "ACTIVE": 33329,
        "INACTIVE": 5281,
        "INVALID": 4,
        "MALICIOUS": 0,
        "SANE": 0,
        "VALID": 0,
        "total": 38614
    },
    "percentage": {
        "ACTIVE": 86.31325426011291,
        "INACTIVE": 13.676386802714042,
        "INVALID": 0.010358937173046045,
        "MALICIOUS": 0.0,
        "SANE": 0.0,
        "VALID": 0.0,
        "total": 100.00000000000001
    }
}