{
    "counter": {
        "ACTIVE": 44478,
        "INACTIVE": 7501,
        "INVALID": 6,
        "MALICIOUS": 0,
        "SANE": 0,
        "VALID": 0,
        "total": 51985
    },
    "percentage": {
        "ACTIVE": 85.55929595075503,
        "INACTIVE": 14.429162258343753,
        "INVALID": 0.011541790901221507,
        "MALICIOUS": 0.0,
        "SANE": 0.0,
        "VALID": 0.0,
        "total": 100.0
    }
}