{
    "counter": {
        "ACTIVE": 35416,
        "INACTIVE": 5354,
        "INVALID": 4,
        "MALICIOUS": 0,
        "SANE": 0,
        "VALID": 0,
        "total": 40774
    },
    "percentage": {
        "ACTIVE": 86.85927306616962,
        "INACTIVE": 13.130916760680826,
        "INVALID": 0.00981017314955609,
        "MALICIOUS": 0.0,
        "SANE": 0.0,
        "VALID": 0.0,
        "total": 100.0
    }
}