{
    "counter": {
        "ACTIVE": 30447,
        "INACTIVE": 4821,
        "INVALID": 4,
        "MALICIOUS": 0,
        "SANE": 0,
        "VALID": 0,
        "total": 35272
    },
    "percentage": {
        "ACTIVE": 86.32059423905648,
        "INACTIVE": 13.678147874936164,
        "INVALID": 0.012046741356463078,
        "MALICIOUS": 0.0,
        "SANE": 0.0,
        "VALID": 0.0,
        "total": 100.01078885534909
    }
}