{
    "counter": {
        "ACTIVE": 40952,
        "INACTIVE": 6525,
        "INVALID": 6,
        "MALICIOUS": 0,
        "SANE": 0,
        "VALID": 0,
        "total": 47483
    },
    "percentage": {
        "ACTIVE": 86.24560368974159,
        "INACTIVE": 13.741760208916876,
        "INVALID": 0.012636101341532759,
        "MALICIOUS": 0.0,
        "SANE": 0.0,
        "VALID": 0.0,
        "total": 99.99999999999999
    }
}