{
    "counter": {
        "ACTIVE": 49704,
        "INACTIVE": 8720,
        "INVALID": 6,
        "MALICIOUS": 0,
        "SANE": 0,
        "VALID": 0,
        "total": 58430
    },
    "percentage": {
        "ACTIVE": 85.06589080951566,
        "INACTIVE": 14.923840492897485,
        "INVALID": 0.010268697586856067,
        "MALICIOUS": 0.0,
        "SANE": 0.0,
        "VALID": 0.0,
        "total": 100.0
    }
}