{
    "counter": {
        "ACTIVE": 30723,
        "INACTIVE": 4953,
        "INVALID": 4,
        "MALICIOUS": 0,
        "SANE": 0,
        "VALID": 0,
        "total": 35680
    },
    "percentage": {
        "ACTIVE": 86.10706278026906,
        "INACTIVE": 13.893018428655578,
        "INVALID": 0.012046741356463078,
        "MALICIOUS": 0.0,
        "SANE": 0.0,
        "VALID": 0.0,
        "total": 100.0121279502811
    }
}