{
    "counter": {
        "ACTIVE": 25128,
        "INACTIVE": 4076,
        "INVALID": 2,
        "MALICIOUS": 0,
        "SANE": 0,
        "VALID": 0,
        "total": 29206
    },
    "percentage": {
        "ACTIVE": 86.03711566116552,
        "INACTIVE": 13.95603643087037,
        "INVALID": 0.006847907964116962,
        "MALICIOUS": 0.0,
        "SANE": 0.0,
        "VALID": 0.0,
        "total": 100.0
    }
}