{
    "counter": {
        "ACTIVE": 20772,
        "INACTIVE": 3667,
        "INVALID": 2,
        "MALICIOUS": 0,
        "SANE": 0,
        "VALID": 0,
        "total": 24441
    },
    "percentage": {
        "ACTIVE": 84.98833926598748,
        "INACTIVE": 15.021916349186842,
        "INVALID": 0.014702639123722707,
        "MALICIOUS": 0,
        "SANE": 0,
        "VALID": 0,
        "total": 100.02495825429804
    }
}