{
    "counter": {
        "ACTIVE": 20620,
        "INACTIVE": 3617,
        "INVALID": 2,
        "MALICIOUS": 0,
        "SANE": 0,
        "VALID": 0,
        "total": 24239
    },
    "percentage": {
        "ACTIVE": 85.06951606914477,
        "INACTIVE": 14.928391596846755,
        "INVALID": 0.014702639123722707,
        "MALICIOUS": 0,
        "SANE": 0,
        "VALID": 0,
        "total": 100.01261030511525
    }
}