{
    "counter": {
        "ACTIVE": 20806,
        "INACTIVE": 3667,
        "INVALID": 2,
        "MALICIOUS": 0,
        "SANE": 0,
        "VALID": 0,
        "total": 24475
    },
    "percentage": {
        "ACTIVE": 85.00919305413687,
        "INACTIVE": 15.021916349186842,
        "INVALID": 0.014702639123722707,
        "MALICIOUS": 0,
        "SANE": 0,
        "VALID": 0,
        "total": 100.04581204244744
    }
}