{
    "counter": {
        "ACTIVE": 22543,
        "INACTIVE": 3716,
        "INVALID": 2,
        "MALICIOUS": 0,
        "SANE": 0,
        "VALID": 0,
        "total": 26261
    },
    "percentage": {
        "ACTIVE": 85.84212330071209,
        "INACTIVE": 14.153494572462389,
        "INVALID": 0.014702639123722707,
        "MALICIOUS": 0,
        "SANE": 0,
        "VALID": 0,
        "total": 100.01032051229821
    }
}