{
    "counter": {
        "ACTIVE": 27615,
        "INACTIVE": 4652,
        "INVALID": 4,
        "MALICIOUS": 0,
        "SANE": 0,
        "VALID": 0,
        "total": 32271
    },
    "percentage": {
        "ACTIVE": 85.57218555359302,
        "INACTIVE": 14.415419416813858,
        "INVALID": 0.012395029593133154,
        "MALICIOUS": 0.0,
        "SANE": 0.0,
        "VALID": 0.0,
        "total": 100.00000000000001
    }
}