{
    "counter": {
        "ACTIVE": 29012,
        "INACTIVE": 4727,
        "INVALID": 4,
        "MALICIOUS": 0,
        "SANE": 0,
        "VALID": 0,
        "total": 33743
    },
    "percentage": {
        "ACTIVE": 85.9793142281362,
        "INACTIVE": 14.123095309232149,
        "INVALID": 0.012046741356463078,
        "MALICIOUS": 0.0,
        "SANE": 0.0,
        "VALID": 0.0,
        "total": 100.1144562787248
    }
}