{
    "counter": {
        "ACTIVE": 29841,
        "INACTIVE": 4733,
        "INVALID": 4,
        "MALICIOUS": 0,
        "SANE": 0,
        "VALID": 0,
        "total": 34578
    },
    "percentage": {
        "ACTIVE": 86.30053791428075,
        "INACTIVE": 13.701763020004053,
        "INVALID": 0.012046741356463078,
        "MALICIOUS": 0.0,
        "SANE": 0.0,
        "VALID": 0.0,
        "total": 100.01434767564126
    }
}