{
    "counter": {
        "ACTIVE": 41516,
        "INACTIVE": 6543,
        "INVALID": 6,
        "MALICIOUS": 0,
        "SANE": 0,
        "VALID": 0,
        "total": 48065
    },
    "percentage": {
        "ACTIVE": 86.3747009258296,
        "INACTIVE": 13.612815978362635,
        "INVALID": 0.012483095807760325,
        "MALICIOUS": 0.0,
        "SANE": 0.0,
        "VALID": 0.0,
        "total": 100.0
    }
}