{
    "counter": {
        "ACTIVE": 48391,
        "INACTIVE": 8151,
        "INVALID": 6,
        "MALICIOUS": 0,
        "SANE": 0,
        "VALID": 0,
        "total": 56548
    },
    "percentage": {
        "ACTIVE": 85.57508665204782,
        "INACTIVE": 14.414302893117352,
        "INVALID": 0.010610454834830587,
        "MALICIOUS": 0.0,
        "SANE": 0.0,
        "VALID": 0.0,
        "total": 100.0
    }
}