{
    "counter": {
        "ACTIVE": 22534,
        "INACTIVE": 3715,
        "INVALID": 2,
        "MALICIOUS": 0,
        "SANE": 0,
        "VALID": 0,
        "total": 26251
    },
    "percentage": {
        "ACTIVE": 85.84053940802255,
        "INACTIVE": 14.167492944855464,
        "INVALID": 0.014702639123722707,
        "MALICIOUS": 0,
        "SANE": 0,
        "VALID": 0,
        "total": 100.02273499200174
    }
}