{
    "counter": {
        "ACTIVE": 49694,
        "INACTIVE": 8697,
        "INVALID": 6,
        "MALICIOUS": 0,
        "SANE": 0,
        "VALID": 0,
        "total": 58397
    },
    "percentage": {
        "ACTIVE": 85.09683716629279,
        "INACTIVE": 14.892888333304793,
        "INVALID": 0.010274500402417933,
        "MALICIOUS": 0.0,
        "SANE": 0.0,
        "VALID": 0.0,
        "total": 100.0
    }
}