{
    "counter": {
        "ACTIVE": 20983,
        "INACTIVE": 3668,
        "INVALID": 2,
        "MALICIOUS": 0,
        "SANE": 0,
        "VALID": 0,
        "total": 24653
    },
    "percentage": {
        "ACTIVE": 85.11337362592788,
        "INACTIVE": 14.937286202964652,
        "INVALID": 0.014702639123722707,
        "MALICIOUS": 0,
        "SANE": 0,
        "VALID": 0,
        "total": 100.06536246801626
    }
}