{
    "counter": {
        "ACTIVE": 23493,
        "INACTIVE": 3773,
        "INVALID": 2,
        "MALICIOUS": 0,
        "SANE": 0,
        "VALID": 0,
        "total": 27268
    },
    "percentage": {
        "ACTIVE": 86.15593369517383,
        "INACTIVE": 13.873873873873874,
        "INVALID": 0.014702639123722707,
        "MALICIOUS": 0,
        "SANE": 0,
        "VALID": 0,
        "total": 100.04451020817143
    }
}