{
    "counter": {
        "ACTIVE": 36450,
        "INACTIVE": 5384,
        "INVALID": 4,
        "MALICIOUS": 0,
        "SANE": 0,
        "VALID": 0,
        "total": 41838
    },
    "percentage": {
        "ACTIVE": 87.12175534203355,
        "INACTIVE": 12.868683971509155,
        "INVALID": 0.009560686457287634,
        "MALICIOUS": 0.0,
        "SANE": 0.0,
        "VALID": 0.0,
        "total": 100.0
    }
}