{
    "counter": {
        "ACTIVE": 25470,
        "INACTIVE": 4568,
        "INVALID": 3,
        "MALICIOUS": 0,
        "SANE": 0,
        "VALID": 0,
        "total": 30041
    },
    "percentage": {
        "ACTIVE": 84.78412835791086,
        "INACTIVE": 15.205885290103526,
        "INVALID": 0.009986351985619653,
        "MALICIOUS": 0.0,
        "SANE": 0.0,
        "VALID": 0.0,
        "total": 100.0
    }
}