{
    "counter": {
        "ACTIVE": 18488,
        "INACTIVE": 3486,
        "INVALID": 2,
        "MALICIOUS": 0,
        "SANE": 0,
        "VALID": 0,
        "total": 21976
    },
    "percentage": {
        "ACTIVE": 84.12813978886058,
        "INACTIVE": 15.871425969768712,
        "INVALID": 0.014702639123722707,
        "MALICIOUS": 0,
        "SANE": 0,
        "VALID": 0,
        "total": 100.01426839775301
    }
}