{
    "counter": {
        "ACTIVE": 50319,
        "INACTIVE": 9131,
        "INVALID": 6,
        "MALICIOUS": 0,
        "SANE": 0,
        "VALID": 0,
        "total": 59456
    },
    "percentage": {
        "ACTIVE": 84.63233315392895,
        "INACTIVE": 15.357575349838536,
        "INVALID": 0.010091496232508074,
        "MALICIOUS": 0.0,
        "SANE": 0.0,
        "VALID": 0.0,
        "total": 100.0
    }
}