{
    "counter": {
        "ACTIVE": 17142,
        "INACTIVE": 3456,
        "INVALID": 2,
        "MALICIOUS": 0,
        "SANE": 0,
        "VALID": 0,
        "total": 20600
    },
    "percentage": {
        "ACTIVE": 83.2135922330097,
        "INACTIVE": 16.798716764691587,
        "INVALID": 0.014702639123722707,
        "MALICIOUS": 0,
        "SANE": 0,
        "VALID": 0,
        "total": 100.02701163682502
    }
}