{
    "counter": {
        "ACTIVE": 49475,
        "INACTIVE": 8352,
        "INVALID": 6,
        "MALICIOUS": 0,
        "SANE": 0,
        "VALID": 0,
        "total": 57833
    },
    "percentage": {
        "ACTIVE": 85.54804350457351,
        "INACTIVE": 14.441581795860495,
        "INVALID": 0.010374699565991735,
        "MALICIOUS": 0.0,
        "SANE": 0.0,
        "VALID": 0.0,
        "total": 100.0
    }
}