{
    "counter": {
        "ACTIVE": 50276,
        "INACTIVE": 9035,
        "INVALID": 6,
        "MALICIOUS": 0,
        "SANE": 0,
        "VALID": 0,
        "total": 59317
    },
    "percentage": {
        "ACTIVE": 84.75816376418227,
        "INACTIVE": 15.231721091761216,
        "INVALID": 0.010115144056509939,
        "MALICIOUS": 0.0,
        "SANE": 0.0,
        "VALID": 0.0,
        "total": 100.0
    }
}