{
    "counter": {
        "ACTIVE": 18818,
        "INACTIVE": 3516,
        "INVALID": 2,
        "MALICIOUS": 0,
        "SANE": 0,
        "VALID": 0,
        "total": 22336
    },
    "percentage": {
        "ACTIVE": 84.24964183381088,
        "INACTIVE": 15.74281364735381,
        "INVALID": 0.014702639123722707,
        "MALICIOUS": 0,
        "SANE": 0,
        "VALID": 0,
        "total": 100.00715812028842
    }
}