{
    "counter": {
        "ACTIVE": 18290,
        "INACTIVE": 3483,
        "INVALID": 2,
        "MALICIOUS": 0,
        "SANE": 0,
        "VALID": 0,
        "total": 21775
    },
    "percentage": {
        "ACTIVE": 83.99540757749713,
        "INACTIVE": 15.999081304547543,
        "INVALID": 0.014702639123722707,
        "MALICIOUS": 0,
        "SANE": 0,
        "VALID": 0,
        "total": 100.0091915211684
    }
}