{
    "counter": {
        "ACTIVE": 25429,
        "INACTIVE": 4488,
        "INVALID": 3,
        "MALICIOUS": 0,
        "SANE": 0,
        "VALID": 0,
        "total": 29920
    },
    "percentage": {
        "ACTIVE": 84.98997326203208,
        "INACTIVE": 15.0,
        "INVALID": 0.010026737967914439,
        "MALICIOUS": 0.0,
        "SANE": 0.0,
        "VALID": 0.0,
        "total": 99.99999999999999
    }
}