{
    "counter": {
        "ACTIVE": 26220,
        "INACTIVE": 4632,
        "INVALID": 3,
        "MALICIOUS": 0,
        "SANE": 0,
        "VALID": 0,
        "total": 30855
    },
    "percentage": {
        "ACTIVE": 84.97812348079728,
        "INACTIVE": 15.01215362177929,
        "INVALID": 0.009722897423432183,
        "MALICIOUS": 0.0,
        "SANE": 0.0,
        "VALID": 0.0,
        "total": 100.0
    }
}