{
    "counter": {
        "ACTIVE": 21131,
        "INACTIVE": 3671,
        "INVALID": 2,
        "MALICIOUS": 0,
        "SANE": 0,
        "VALID": 0,
        "total": 24804
    },
    "percentage": {
        "ACTIVE": 85.19190453152717,
        "INACTIVE": 14.803613194612469,
        "INVALID": 0.014702639123722707,
        "MALICIOUS": 0,
        "SANE": 0,
        "VALID": 0,
        "total": 100.01022036526336
    }
}