{
    "counter": {
        "ACTIVE": 24727,
        "INACTIVE": 4049,
        "INVALID": 2,
        "MALICIOUS": 0,
        "SANE": 0,
        "VALID": 0,
        "total": 28778
    },
    "percentage": {
        "ACTIVE": 85.92327472374731,
        "INACTIVE": 14.076623557224309,
        "INVALID": 0.014702639123722707,
        "MALICIOUS": 0,
        "SANE": 0,
        "VALID": 0,
        "total": 100.01460092009535
    }
}