{
    "counter": {
        "ACTIVE": 33813,
        "INACTIVE": 5312,
        "INVALID": 4,
        "MALICIOUS": 0,
        "SANE": 0,
        "VALID": 0,
        "total": 39129
    },
    "percentage": {
        "ACTIVE": 86.41416851951239,
        "INACTIVE": 13.575608883436837,
        "INVALID": 0.010222597050780751,
        "MALICIOUS": 0.0,
        "SANE": 0.0,
        "VALID": 0.0,
        "total": 100.00000000000001
    }
}