{
    "counter": {
        "ACTIVE": 21936,
        "INACTIVE": 3681,
        "INVALID": 2,
        "MALICIOUS": 0,
        "SANE": 0,
        "VALID": 0,
        "total": 25619
    },
    "percentage": {
        "ACTIVE": 85.62395097388656,
        "INACTIVE": 14.55285838538784,
        "INVALID": 0.014702639123722707,
        "MALICIOUS": 0,
        "SANE": 0,
        "VALID": 0,
        "total": 100.19151199839813
    }
}