{
    "counter": {
        "ACTIVE": 29354,
        "INACTIVE": 4729,
        "INVALID": 4,
        "MALICIOUS": 0,
        "SANE": 0,
        "VALID": 0,
        "total": 34087
    },
    "percentage": {
        "ACTIVE": 86.11494117992197,
        "INACTIVE": 13.908005411446386,
        "INVALID": 0.012046741356463078,
        "MALICIOUS": 0.0,
        "SANE": 0.0,
        "VALID": 0.0,
        "total": 100.03499333272481
    }
}