{
    "counter": {
        "ACTIVE": 19878,
        "INACTIVE": 3577,
        "INVALID": 2,
        "MALICIOUS": 0,
        "SANE": 0,
        "VALID": 0,
        "total": 23457
    },
    "percentage": {
        "ACTIVE": 84.74229441105001,
        "INACTIVE": 15.274575113160816,
        "INVALID": 0.014702639123722707,
        "MALICIOUS": 0,
        "SANE": 0,
        "VALID": 0,
        "total": 100.03157216333456
    }
}