{
    "counter": {
        "ACTIVE": 30632,
        "INACTIVE": 4949,
        "INVALID": 4,
        "MALICIOUS": 0,
        "SANE": 0,
        "VALID": 0,
        "total": 35585
    },
    "percentage": {
        "ACTIVE": 86.08121399466067,
        "INACTIVE": 13.90989066584221,
        "INVALID": 0.012046741356463078,
        "MALICIOUS": 0.0,
        "SANE": 0.0,
        "VALID": 0.0,
        "total": 100.00315140185934
    }
}