{
    "counter": {
        "ACTIVE": 17805,
        "INACTIVE": 3475,
        "INVALID": 2,
        "MALICIOUS": 0,
        "SANE": 0,
        "VALID": 0,
        "total": 21282
    },
    "percentage": {
        "ACTIVE": 83.66224978855371,
        "INACTIVE": 16.346018157015852,
        "INVALID": 0.014702639123722707,
        "MALICIOUS": 0,
        "SANE": 0,
        "VALID": 0,
        "total": 100.02297058469328
    }
}