{
    "counter": {
        "ACTIVE": 48448,
        "INACTIVE": 8192,
        "INVALID": 6,
        "MALICIOUS": 0,
        "SANE": 0,
        "VALID": 0,
        "total": 56646
    },
    "percentage": {
        "ACTIVE": 85.52766303004626,
        "INACTIVE": 14.461744871659075,
        "INVALID": 0.010592098294672175,
        "MALICIOUS": 0.0,
        "SANE": 0.0,
        "VALID": 0.0,
        "total": 100.0
    }
}