{
    "counter": {
        "ACTIVE": 21111,
        "INACTIVE": 3668,
        "INVALID": 2,
        "MALICIOUS": 0,
        "SANE": 0,
        "VALID": 0,
        "total": 24781
    },
    "percentage": {
        "ACTIVE": 85.19026673661273,
        "INACTIVE": 14.937286202964652,
        "INVALID": 0.014702639123722707,
        "MALICIOUS": 0,
        "SANE": 0,
        "VALID": 0,
        "total": 100.14225557870111
    }
}