{
    "counter": {
        "ACTIVE": 28132,
        "INACTIVE": 4677,
        "INVALID": 4,
        "MALICIOUS": 0,
        "SANE": 0,
        "VALID": 0,
        "total": 32813
    },
    "percentage": {
        "ACTIVE": 85.73431261999818,
        "INACTIVE": 14.253497089568159,
        "INVALID": 0.012190290433669582,
        "MALICIOUS": 0.0,
        "SANE": 0.0,
        "VALID": 0.0,
        "total": 100.0
    }
}