{
    "counter": {
        "ACTIVE": 25109,
        "INACTIVE": 4076,
        "INVALID": 2,
        "MALICIOUS": 0,
        "SANE": 0,
        "VALID": 0,
        "total": 29187
    },
    "percentage": {
        "ACTIVE": 86.02802617603727,
        "INACTIVE": 13.965121458183438,
        "INVALID": 0.006852365779285299,
        "MALICIOUS": 0.0,
        "SANE": 0.0,
        "VALID": 0.0,
        "total": 99.99999999999999
    }
}