{
    "counter": {
        "ACTIVE": 29830,
        "INACTIVE": 4733,
        "INVALID": 4,
        "MALICIOUS": 0,
        "SANE": 0,
        "VALID": 0,
        "total": 34567
    },
    "percentage": {
        "ACTIVE": 86.29617843608065,
        "INACTIVE": 13.701763020004053,
        "INVALID": 0.012046741356463078,
        "MALICIOUS": 0.0,
        "SANE": 0.0,
        "VALID": 0.0,
        "total": 100.00998819744116
    }
}