{
    "counter": {
        "ACTIVE": 50192,
        "INACTIVE": 9030,
        "INVALID": 6,
        "MALICIOUS": 0,
        "SANE": 0,
        "VALID": 0,
        "total": 59228
    },
    "percentage": {
        "ACTIVE": 84.74370230296482,
        "INACTIVE": 15.246167353278855,
        "INVALID": 0.010130343756331464,
        "MALICIOUS": 0.0,
        "SANE": 0.0,
        "VALID": 0.0,
        "total": 100.0
    }
}