{
    "counter": {
        "ACTIVE": 27447,
        "INACTIVE": 4647,
        "INVALID": 4,
        "MALICIOUS": 0,
        "SANE": 0,
        "VALID": 0,
        "total": 32098
    },
    "percentage": {
        "ACTIVE": 85.51000062309178,
        "INACTIVE": 14.47753754127983,
        "INVALID": 0.012461835628388061,
        "MALICIOUS": 0.0,
        "SANE": 0.0,
        "VALID": 0.0,
        "total": 100.0
    }
}