{
    "counter": {
        "ACTIVE": 18084,
        "INACTIVE": 3477,
        "INVALID": 2,
        "MALICIOUS": 0,
        "SANE": 0,
        "VALID": 0,
        "total": 21563
    },
    "percentage": {
        "ACTIVE": 83.86588137086676,
        "INACTIVE": 16.26286248830683,
        "INVALID": 0.014702639123722707,
        "MALICIOUS": 0,
        "SANE": 0,
        "VALID": 0,
        "total": 100.14344649829732
    }
}