{
    "counter": {
        "ACTIVE": 20182,
        "INACTIVE": 3607,
        "INVALID": 2,
        "MALICIOUS": 0,
        "SANE": 0,
        "VALID": 0,
        "total": 23791
    },
    "percentage": {
        "ACTIVE": 84.83039804968266,
        "INACTIVE": 15.172674883270938,
        "INVALID": 0.014702639123722707,
        "MALICIOUS": 0,
        "SANE": 0,
        "VALID": 0,
        "total": 100.01777557207733
    }
}