{
    "counter": {
        "ACTIVE": 44975,
        "INACTIVE": 7577,
        "INVALID": 6,
        "MALICIOUS": 0,
        "SANE": 0,
        "VALID": 0,
        "total": 52558
    },
    "percentage": {
        "ACTIVE": 85.57212983751285,
        "INACTIVE": 14.41645420297576,
        "INVALID": 0.011415959511396933,
        "MALICIOUS": 0.0,
        "SANE": 0.0,
        "VALID": 0.0,
        "total": 100.0
    }
}