{
    "counter": {
        "ACTIVE": 20449,
        "INACTIVE": 3609,
        "INVALID": 2,
        "MALICIOUS": 0,
        "SANE": 0,
        "VALID": 0,
        "total": 24060
    },
    "percentage": {
        "ACTIVE": 84.99168744804655,
        "INACTIVE": 15.014352872654657,
        "INVALID": 0.014702639123722707,
        "MALICIOUS": 0,
        "SANE": 0,
        "VALID": 0,
        "total": 100.02074295982493
    }
}