{
    "counter": {
        "ACTIVE": 24260,
        "INACTIVE": 3789,
        "INVALID": 2,
        "MALICIOUS": 0,
        "SANE": 0,
        "VALID": 0,
        "total": 28051
    },
    "percentage": {
        "ACTIVE": 86.48533029125521,
        "INACTIVE": 13.773674070304263,
        "INVALID": 0.014702639123722707,
        "MALICIOUS": 0,
        "SANE": 0,
        "VALID": 0,
        "total": 100.2737070006832
    }
}