{
    "counter": {
        "ACTIVE": 32125,
        "INACTIVE": 5188,
        "INVALID": 4,
        "MALICIOUS": 0,
        "SANE": 0,
        "VALID": 0,
        "total": 37317
    },
    "percentage": {
        "ACTIVE": 86.08677010477798,
        "INACTIVE": 13.902510919956052,
        "INVALID": 0.010718975265964574,
        "MALICIOUS": 0.0,
        "SANE": 0.0,
        "VALID": 0.0,
        "total": 100.0
    }
}