{
    "counter": {
        "ACTIVE": 32625,
        "INACTIVE": 5227,
        "INVALID": 4,
        "MALICIOUS": 0,
        "SANE": 0,
        "VALID": 0,
        "total": 37856
    },
    "percentage": {
        "ACTIVE": 86.18184699915469,
        "INACTIVE": 13.807586644125106,
        "INVALID": 0.010566356720202874,
        "MALICIOUS": 0.0,
        "SANE": 0.0,
        "VALID": 0.0,
        "total": 100.0
    }
}