{
    "counter": {
        "ACTIVE": 21031,
        "INACTIVE": 3668,
        "INVALID": 2,
        "MALICIOUS": 0,
        "SANE": 0,
        "VALID": 0,
        "total": 24701
    },
    "percentage": {
        "ACTIVE": 85.1423019310959,
        "INACTIVE": 14.937286202964652,
        "INVALID": 0.014702639123722707,
        "MALICIOUS": 0,
        "SANE": 0,
        "VALID": 0,
        "total": 100.09429077318428
    }
}