{
    "counter": {
        "ACTIVE": 18659,
        "INACTIVE": 3500,
        "INVALID": 2,
        "MALICIOUS": 0,
        "SANE": 0,
        "VALID": 0,
        "total": 22161
    },
    "percentage": {
        "ACTIVE": 84.20126353790614,
        "INACTIVE": 15.793511123144263,
        "INVALID": 0.014702639123722707,
        "MALICIOUS": 0,
        "SANE": 0,
        "VALID": 0,
        "total": 100.00947730017413
    }
}