{
    "counter": {
        "ACTIVE": 20937,
        "INACTIVE": 3668,
        "INVALID": 2,
        "MALICIOUS": 0,
        "SANE": 0,
        "VALID": 0,
        "total": 24607
    },
    "percentage": {
        "ACTIVE": 85.08554476368514,
        "INACTIVE": 14.937286202964652,
        "INVALID": 0.014702639123722707,
        "MALICIOUS": 0,
        "SANE": 0,
        "VALID": 0,
        "total": 100.03753360577352
    }
}