{
    "counter": {
        "ACTIVE": 23830,
        "INACTIVE": 3789,
        "INVALID": 2,
        "MALICIOUS": 0,
        "SANE": 0,
        "VALID": 0,
        "total": 27621
    },
    "percentage": {
        "ACTIVE": 86.27493573730133,
        "INACTIVE": 13.773674070304263,
        "INVALID": 0.014702639123722707,
        "MALICIOUS": 0,
        "SANE": 0,
        "VALID": 0,
        "total": 100.06331244672933
    }
}