{
    "counter": {
        "ACTIVE": 50713,
        "INACTIVE": 9357,
        "INVALID": 6,
        "MALICIOUS": 0,
        "SANE": 0,
        "VALID": 0,
        "total": 60076
    },
    "percentage": {
        "ACTIVE": 84.41474132765164,
        "INACTIVE": 15.575271322990877,
        "INVALID": 0.009987349357480524,
        "MALICIOUS": 0.0,
        "SANE": 0.0,
        "VALID": 0.0,
        "total": 100.0
    }
}