{
    "counter": {
        "ACTIVE": 31184,
        "INACTIVE": 4969,
        "INVALID": 4,
        "MALICIOUS": 0,
        "SANE": 0,
        "VALID": 0,
        "total": 36157
    },
    "percentage": {
        "ACTIVE": 86.24609342589264,
        "INACTIVE": 13.758445010521653,
        "INVALID": 0.012046741356463078,
        "MALICIOUS": 0.0,
        "SANE": 0.0,
        "VALID": 0.0,
        "total": 100.01658517777075
    }
}