{
    "counter": {
        "ACTIVE": 44018,
        "INACTIVE": 7470,
        "INVALID": 6,
        "MALICIOUS": 0,
        "SANE": 0,
        "VALID": 0,
        "total": 51494
    },
    "percentage": {
        "ACTIVE": 85.48180370528605,
        "INACTIVE": 14.50654445178079,
        "INVALID": 0.01165184293315726,
        "MALICIOUS": 0.0,
        "SANE": 0.0,
        "VALID": 0.0,
        "total": 100.0
    }
}