{
    "counter": {
        "ACTIVE": 30321,
        "INACTIVE": 4794,
        "INVALID": 4,
        "MALICIOUS": 0,
        "SANE": 0,
        "VALID": 0,
        "total": 35119
    },
    "percentage": {
        "ACTIVE": 86.33787978017597,
        "INACTIVE": 13.65889794290273,
        "INVALID": 0.012046741356463078,
        "MALICIOUS": 0.0,
        "SANE": 0.0,
        "VALID": 0.0,
        "total": 100.00882446443515
    }
}