{
    "counter": {
        "ACTIVE": 19274,
        "INACTIVE": 3532,
        "INVALID": 2,
        "MALICIOUS": 0,
        "SANE": 0,
        "VALID": 0,
        "total": 22808
    },
    "percentage": {
        "ACTIVE": 84.50543668888109,
        "INACTIVE": 15.500065827006626,
        "INVALID": 0.014702639123722707,
        "MALICIOUS": 0,
        "SANE": 0,
        "VALID": 0,
        "total": 100.02020515501144
    }
}