{
    "counter": {
        "ACTIVE": 42833,
        "INACTIVE": 6957,
        "INVALID": 6,
        "MALICIOUS": 0,
        "SANE": 0,
        "VALID": 0,
        "total": 49796
    },
    "percentage": {
        "ACTIVE": 86.01694915254237,
        "INACTIVE": 13.971001686882481,
        "INVALID": 0.012049160575146598,
        "MALICIOUS": 0.0,
        "SANE": 0.0,
        "VALID": 0.0,
        "total": 100.0
    }
}