{
    "counter": {
        "ACTIVE": 43731,
        "INACTIVE": 7270,
        "INVALID": 6,
        "MALICIOUS": 0,
        "SANE": 0,
        "VALID": 0,
        "total": 51007
    },
    "percentage": {
        "ACTIVE": 85.73529123453643,
        "INACTIVE": 14.25294567412316,
        "INVALID": 0.011763091340404258,
        "MALICIOUS": 0.0,
        "SANE": 0.0,
        "VALID": 0.0,
        "total": 99.99999999999999
    }
}