{
    "counter": {
        "ACTIVE": 30363,
        "INACTIVE": 4794,
        "INVALID": 4,
        "MALICIOUS": 0,
        "SANE": 0,
        "VALID": 0,
        "total": 35161
    },
    "percentage": {
        "ACTIVE": 86.35419925485623,
        "INACTIVE": 13.65889794290273,
        "INVALID": 0.012046741356463078,
        "MALICIOUS": 0.0,
        "SANE": 0.0,
        "VALID": 0.0,
        "total": 100.02514393911541
    }
}