{
    "counter": {
        "ACTIVE": 46637,
        "INACTIVE": 7690,
        "INVALID": 6,
        "MALICIOUS": 0,
        "SANE": 0,
        "VALID": 0,
        "total": 54333
    },
    "percentage": {
        "ACTIVE": 85.83549592328788,
        "INACTIVE": 14.153461064178307,
        "INVALID": 0.011043012533819226,
        "MALICIOUS": 0.0,
        "SANE": 0.0,
        "VALID": 0.0,
        "total": 100.0
    }
}