{
    "counter": {
        "ACTIVE": 18640,
        "INACTIVE": 3496,
        "INVALID": 2,
        "MALICIOUS": 0,
        "SANE": 0,
        "VALID": 0,
        "total": 22138
    },
    "percentage": {
        "ACTIVE": 84.19911464450267,
        "INACTIVE": 15.796132297126332,
        "INVALID": 0.014702639123722707,
        "MALICIOUS": 0,
        "SANE": 0,
        "VALID": 0,
        "total": 100.00994958075273
    }
}