{
    "counter": {
        "ACTIVE": 23189,
        "INACTIVE": 3767,
        "INVALID": 2,
        "MALICIOUS": 0,
        "SANE": 0,
        "VALID": 0,
        "total": 26958
    },
    "percentage": {
        "ACTIVE": 86.01899250686253,
        "INACTIVE": 14.020396010123568,
        "INVALID": 0.014702639123722707,
        "MALICIOUS": 0,
        "SANE": 0,
        "VALID": 0,
        "total": 100.05409115610982
    }
}