{
    "counter": {
        "ACTIVE": 18334,
        "INACTIVE": 3483,
        "INVALID": 2,
        "MALICIOUS": 0,
        "SANE": 0,
        "VALID": 0,
        "total": 21819
    },
    "percentage": {
        "ACTIVE": 84.02768229524726,
        "INACTIVE": 15.999081304547543,
        "INVALID": 0.014702639123722707,
        "MALICIOUS": 0,
        "SANE": 0,
        "VALID": 0,
        "total": 100.04146623891853
    }
}