{
    "counter": {
        "ACTIVE": 25882,
        "INACTIVE": 4619,
        "INVALID": 3,
        "MALICIOUS": 0,
        "SANE": 0,
        "VALID": 0,
        "total": 30504
    },
    "percentage": {
        "ACTIVE": 84.84788880146866,
        "INACTIVE": 15.142276422764228,
        "INVALID": 0.00983477576711251,
        "MALICIOUS": 0.0,
        "SANE": 0.0,
        "VALID": 0.0,
        "total": 100.0
    }
}