{
    "counter": {
        "ACTIVE": 35525,
        "INACTIVE": 5357,
        "INVALID": 4,
        "MALICIOUS": 0,
        "SANE": 0,
        "VALID": 0,
        "total": 40886
    },
    "percentage": {
        "ACTIVE": 86.88793229956464,
        "INACTIVE": 13.102284400528298,
        "INVALID": 0.009783299907058651,
        "MALICIOUS": 0.0,
        "SANE": 0.0,
        "VALID": 0.0,
        "total": 99.99999999999999
    }
}