{
    "counter": {
        "ACTIVE": 21564,
        "INACTIVE": 3680,
        "INVALID": 2,
        "MALICIOUS": 0,
        "SANE": 0,
        "VALID": 0,
        "total": 25246
    },
    "percentage": {
        "ACTIVE": 85.41551136813753,
        "INACTIVE": 14.59622402030779,
        "INVALID": 0.014702639123722707,
        "MALICIOUS": 0,
        "SANE": 0,
        "VALID": 0,
        "total": 100.02643802756904
    }
}