{
    "counter": {
        "ACTIVE": 24320,
        "INACTIVE": 3863,
        "INVALID": 2,
        "MALICIOUS": 0,
        "SANE": 0,
        "VALID": 0,
        "total": 28185
    },
    "percentage": {
        "ACTIVE": 86.28703210927799,
        "INACTIVE": 13.71463059608762,
        "INVALID": 0.014702639123722707,
        "MALICIOUS": 0,
        "SANE": 0,
        "VALID": 0,
        "total": 100.01636534448933
    }
}