{
    "counter": {
        "ACTIVE": 18310,
        "INACTIVE": 3483,
        "INVALID": 2,
        "MALICIOUS": 0,
        "SANE": 0,
        "VALID": 0,
        "total": 21795
    },
    "percentage": {
        "ACTIVE": 84.01009405827024,
        "INACTIVE": 15.999081304547543,
        "INVALID": 0.014702639123722707,
        "MALICIOUS": 0,
        "SANE": 0,
        "VALID": 0,
        "total": 100.02387800194151
    }
}