{
    "counter": {
        "ACTIVE": 30177,
        "INACTIVE": 4777,
        "INVALID": 4,
        "MALICIOUS": 0,
        "SANE": 0,
        "VALID": 0,
        "total": 34958
    },
    "percentage": {
        "ACTIVE": 86.32358830596716,
        "INACTIVE": 13.674357359592374,
        "INVALID": 0.012046741356463078,
        "MALICIOUS": 0.0,
        "SANE": 0.0,
        "VALID": 0.0,
        "total": 100.009992406916
    }
}