{
    "counter": {
        "ACTIVE": 33257,
        "INACTIVE": 5253,
        "INVALID": 4,
        "MALICIOUS": 0,
        "SANE": 0,
        "VALID": 0,
        "total": 38514
    },
    "percentage": {
        "ACTIVE": 86.35041802980734,
        "INACTIVE": 13.639196136469856,
        "INVALID": 0.010385833722802098,
        "MALICIOUS": 0.0,
        "SANE": 0.0,
        "VALID": 0.0,
        "total": 100.0
    }
}