{
    "counter": {
        "ACTIVE": 33714,
        "INACTIVE": 5311,
        "INVALID": 4,
        "MALICIOUS": 0,
        "SANE": 0,
        "VALID": 0,
        "total": 39029
    },
    "percentage": {
        "ACTIVE": 86.38192113556586,
        "INACTIVE": 13.607830075072382,
        "INVALID": 0.010248789361756643,
        "MALICIOUS": 0.0,
        "SANE": 0.0,
        "VALID": 0.0,
        "total": 100.0
    }
}