{
    "counter": {
        "ACTIVE": 33239,
        "INACTIVE": 5250,
        "INVALID": 4,
        "MALICIOUS": 0,
        "SANE": 0,
        "VALID": 0,
        "total": 38493
    },
    "percentage": {
        "ACTIVE": 86.35076507416933,
        "INACTIVE": 13.638843426077468,
        "INVALID": 0.010391499753201881,
        "MALICIOUS": 0.0,
        "SANE": 0.0,
        "VALID": 0.0,
        "total": 100.0
    }
}