{
    "counter": {
        "ACTIVE": 24013,
        "INACTIVE": 3789,
        "INVALID": 2,
        "MALICIOUS": 0,
        "SANE": 0,
        "VALID": 0,
        "total": 27804
    },
    "percentage": {
        "ACTIVE": 86.3652711840023,
        "INACTIVE": 13.773674070304263,
        "INVALID": 0.014702639123722707,
        "MALICIOUS": 0,
        "SANE": 0,
        "VALID": 0,
        "total": 100.15364789343029
    }
}