{
    "counter": {
        "ACTIVE": 22123,
        "INACTIVE": 3703,
        "INVALID": 2,
        "MALICIOUS": 0,
        "SANE": 0,
        "VALID": 0,
        "total": 25828
    },
    "percentage": {
        "ACTIVE": 85.65510298900418,
        "INACTIVE": 14.391760590750097,
        "INVALID": 0.014702639123722707,
        "MALICIOUS": 0,
        "SANE": 0,
        "VALID": 0,
        "total": 100.061566218878
    }
}