{
    "counter": {
        "ACTIVE": 44713,
        "INACTIVE": 7543,
        "INVALID": 6,
        "MALICIOUS": 0,
        "SANE": 0,
        "VALID": 0,
        "total": 52262
    },
    "percentage": {
        "ACTIVE": 85.55547051394895,
        "INACTIVE": 14.433048869159236,
        "INVALID": 0.01148061689181432,
        "MALICIOUS": 0.0,
        "SANE": 0.0,
        "VALID": 0.0,
        "total": 100.0
    }
}