{
    "counter": {
        "ACTIVE": 28096,
        "INACTIVE": 4676,
        "INVALID": 4,
        "MALICIOUS": 0,
        "SANE": 0,
        "VALID": 0,
        "total": 32776
    },
    "percentage": {
        "ACTIVE": 85.7212594581401,
        "INACTIVE": 14.266536490114719,
        "INVALID": 0.0122040517451794,
        "MALICIOUS": 0.0,
        "SANE": 0.0,
        "VALID": 0.0,
        "total": 100.0
    }
}