{
    "counter": {
        "ACTIVE": 35559,
        "INACTIVE": 5357,
        "INVALID": 4,
        "MALICIOUS": 0,
        "SANE": 0,
        "VALID": 0,
        "total": 40920
    },
    "percentage": {
        "ACTIVE": 86.89882697947215,
        "INACTIVE": 13.091397849462366,
        "INVALID": 0.009775171065493646,
        "MALICIOUS": 0.0,
        "SANE": 0.0,
        "VALID": 0.0,
        "total": 100.00000000000001
    }
}