{
    "counter": {
        "ACTIVE": 20720,
        "INACTIVE": 3617,
        "INVALID": 2,
        "MALICIOUS": 0,
        "SANE": 0,
        "VALID": 0,
        "total": 24339
    },
    "percentage": {
        "ACTIVE": 85.13085993672706,
        "INACTIVE": 14.928391596846755,
        "INVALID": 0.014702639123722707,
        "MALICIOUS": 0,
        "SANE": 0,
        "VALID": 0,
        "total": 100.07395417269754
    }
}