{
    "counter": {
        "ACTIVE": 45021,
        "INACTIVE": 7579,
        "INVALID": 6,
        "MALICIOUS": 0,
        "SANE": 0,
        "VALID": 0,
        "total": 52606
    },
    "percentage": {
        "ACTIVE": 85.58149260540623,
        "INACTIVE": 14.40710185149983,
        "INVALID": 0.011405543093943657,
        "MALICIOUS": 0.0,
        "SANE": 0.0,
        "VALID": 0.0,
        "total": 100.0
    }
}