{
    "counter": {
        "ACTIVE": 26622,
        "INACTIVE": 4638,
        "INVALID": 4,
        "MALICIOUS": 0,
        "SANE": 0,
        "VALID": 0,
        "total": 31264
    },
    "percentage": {
        "ACTIVE": 85.15225179119754,
        "INACTIVE": 14.834953940634596,
        "INVALID": 0.0127942681678608,
        "MALICIOUS": 0.0,
        "SANE": 0.0,
        "VALID": 0.0,
        "total": 100.0
    }
}