{
    "counter": {
        "ACTIVE": 30684,
        "INACTIVE": 4952,
        "INVALID": 4,
        "MALICIOUS": 0,
        "SANE": 0,
        "VALID": 0,
        "total": 35640
    },
    "percentage": {
        "ACTIVE": 86.0942760942761,
        "INACTIVE": 13.896450119264768,
        "INVALID": 0.012046741356463078,
        "MALICIOUS": 0.0,
        "SANE": 0.0,
        "VALID": 0.0,
        "total": 100.00277295489732
    }
}