{
    "counter": {
        "ACTIVE": 45113,
        "INACTIVE": 7657,
        "INVALID": 6,
        "MALICIOUS": 0,
        "SANE": 0,
        "VALID": 0,
        "total": 52776
    },
    "percentage": {
        "ACTIVE": 85.48014248901016,
        "INACTIVE": 14.508488706988025,
        "INVALID": 0.011368804001819008,
        "MALICIOUS": 0.0,
        "SANE": 0.0,
        "VALID": 0.0,
        "total": 100.0
    }
}