{
    "counter": {
        "ACTIVE": 25164,
        "INACTIVE": 4088,
        "INVALID": 2,
        "MALICIOUS": 0,
        "SANE": 0,
        "VALID": 0,
        "total": 29254
    },
    "percentage": {
        "ACTIVE": 86.01900594790456,
        "INACTIVE": 13.974157380187325,
        "INVALID": 0.00683667190811513,
        "MALICIOUS": 0.0,
        "SANE": 0.0,
        "VALID": 0.0,
        "total": 100.0
    }
}