{
    "counter": {
        "ACTIVE": 35479,
        "INACTIVE": 5356,
        "INVALID": 4,
        "MALICIOUS": 0,
        "SANE": 0,
        "VALID": 0,
        "total": 40839
    },
    "percentage": {
        "ACTIVE": 86.87529077597395,
        "INACTIVE": 13.114914664903646,
        "INVALID": 0.009794559122407502,
        "MALICIOUS": 0.0,
        "SANE": 0.0,
        "VALID": 0.0,
        "total": 100.00000000000001
    }
}