{
    "counter": {
        "ACTIVE": 31275,
        "INACTIVE": 4974,
        "INVALID": 4,
        "MALICIOUS": 0,
        "SANE": 0,
        "VALID": 0,
        "total": 36253
    },
    "percentage": {
        "ACTIVE": 86.26872258847544,
        "INACTIVE": 13.72630184617932,
        "INVALID": 0.012046741356463078,
        "MALICIOUS": 0.0,
        "SANE": 0.0,
        "VALID": 0.0,
        "total": 100.00707117601122
    }
}