{
    "counter": {
        "ACTIVE": 34863,
        "INACTIVE": 5340,
        "INVALID": 4,
        "MALICIOUS": 0,
        "SANE": 0,
        "VALID": 0,
        "total": 40207
    },
    "percentage": {
        "ACTIVE": 86.70878205287636,
        "INACTIVE": 13.281269430696147,
        "INVALID": 0.009948516427487751,
        "MALICIOUS": 0.0,
        "SANE": 0.0,
        "VALID": 0.0,
        "total": 99.99999999999999
    }
}