{
    "counter": {
        "ACTIVE": 44514,
        "INACTIVE": 7502,
        "INVALID": 6,
        "MALICIOUS": 0,
        "SANE": 0,
        "VALID": 0,
        "total": 52022
    },
    "percentage": {
        "ACTIVE": 85.56764445811388,
        "INACTIVE": 14.420821959940026,
        "INVALID": 0.011533581946099727,
        "MALICIOUS": 0.0,
        "SANE": 0.0,
        "VALID": 0.0,
        "total": 100.0
    }
}