{
    "counter": {
        "ACTIVE": 26461,
        "INACTIVE": 4638,
        "INVALID": 3,
        "MALICIOUS": 0,
        "SANE": 0,
        "VALID": 0,
        "total": 31102
    },
    "percentage": {
        "ACTIVE": 85.07813002379268,
        "INACTIVE": 14.912224294257603,
        "INVALID": 0.009645681949713845,
        "MALICIOUS": 0.0,
        "SANE": 0.0,
        "VALID": 0.0,
        "total": 100.0
    }
}