{
    "counter": {
        "ACTIVE": 20603,
        "INACTIVE": 3616,
        "INVALID": 2,
        "MALICIOUS": 0,
        "SANE": 0,
        "VALID": 0,
        "total": 24221
    },
    "percentage": {
        "ACTIVE": 85.06254902770323,
        "INACTIVE": 14.938445013632984,
        "INVALID": 0.014702639123722707,
        "MALICIOUS": 0,
        "SANE": 0,
        "VALID": 0,
        "total": 100.01569668045994
    }
}