{
    "counter": {
        "ACTIVE": 42255,
        "INACTIVE": 6634,
        "INVALID": 6,
        "MALICIOUS": 0,
        "SANE": 0,
        "VALID": 0,
        "total": 48895
    },
    "percentage": {
        "ACTIVE": 86.41987933326516,
        "INACTIVE": 13.567849473361285,
        "INVALID": 0.012271193373555579,
        "MALICIOUS": 0.0,
        "SANE": 0.0,
        "VALID": 0.0,
        "total": 100.0
    }
}