{
    "counter": {
        "ACTIVE": 47179,
        "INACTIVE": 7771,
        "INVALID": 6,
        "MALICIOUS": 0,
        "SANE": 0,
        "VALID": 0,
        "total": 54956
    },
    "percentage": {
        "ACTIVE": 85.84867894315452,
        "INACTIVE": 14.14040323167625,
        "INVALID": 0.01091782516922629,
        "MALICIOUS": 0.0,
        "SANE": 0.0,
        "VALID": 0.0,
        "total": 100.0
    }
}