{
    "counter": {
        "ACTIVE": 26850,
        "INACTIVE": 4641,
        "INVALID": 4,
        "MALICIOUS": 0,
        "SANE": 0,
        "VALID": 0,
        "total": 31495
    },
    "percentage": {
        "ACTIVE": 85.25162724241943,
        "INACTIVE": 14.735672328941101,
        "INVALID": 0.012700428639466582,
        "MALICIOUS": 0.0,
        "SANE": 0.0,
        "VALID": 0.0,
        "total": 100.0
    }
}