{
    "counter": {
        "ACTIVE": 22031,
        "INACTIVE": 3703,
        "INVALID": 2,
        "MALICIOUS": 0,
        "SANE": 0,
        "VALID": 0,
        "total": 25736
    },
    "percentage": {
        "ACTIVE": 85.6038234379857,
        "INACTIVE": 14.391760590750097,
        "INVALID": 0.014702639123722707,
        "MALICIOUS": 0,
        "SANE": 0,
        "VALID": 0,
        "total": 100.01028666785952
    }
}