{
    "counter": {
        "ACTIVE": 33120,
        "INACTIVE": 5243,
        "INVALID": 4,
        "MALICIOUS": 0,
        "SANE": 0,
        "VALID": 0,
        "total": 38367
    },
    "percentage": {
        "ACTIVE": 86.32418484635234,
        "INACTIVE": 13.665389527458492,
        "INVALID": 0.010425626189172987,
        "MALICIOUS": 0.0,
        "SANE": 0.0,
        "VALID": 0.0,
        "total": 100.0
    }
}