{
    "counter": {
        "ACTIVE": 17412,
        "INACTIVE": 3462,
        "INVALID": 2,
        "MALICIOUS": 0,
        "SANE": 0,
        "VALID": 0,
        "total": 20876
    },
    "percentage": {
        "ACTIVE": 83.40678290860318,
        "INACTIVE": 16.596356663470758,
        "INVALID": 0.014702639123722707,
        "MALICIOUS": 0,
        "SANE": 0,
        "VALID": 0,
        "total": 100.01784221119766
    }
}