{
    "counter": {
        "ACTIVE": 26048,
        "INACTIVE": 4622,
        "INVALID": 3,
        "MALICIOUS": 0,
        "SANE": 0,
        "VALID": 0,
        "total": 30673
    },
    "percentage": {
        "ACTIVE": 84.92159227985525,
        "INACTIVE": 15.068627131353308,
        "INVALID": 0.009780588791445244,
        "MALICIOUS": 0.0,
        "SANE": 0.0,
        "VALID": 0.0,
        "total": 100.0
    }
}