{
    "counter": {
        "ACTIVE": 50149,
        "INACTIVE": 8985,
        "INVALID": 6,
        "MALICIOUS": 0,
        "SANE": 0,
        "VALID": 0,
        "total": 59140
    },
    "percentage": {
        "ACTIVE": 84.79709164693946,
        "INACTIVE": 15.192762935407508,
        "INVALID": 0.010145417653026716,
        "MALICIOUS": 0.0,
        "SANE": 0.0,
        "VALID": 0.0,
        "total": 99.99999999999999
    }
}