{
    "counter": {
        "ACTIVE": 27505,
        "INACTIVE": 4647,
        "INVALID": 4,
        "MALICIOUS": 0,
        "SANE": 0,
        "VALID": 0,
        "total": 32156
    },
    "percentage": {
        "ACTIVE": 85.5361363353651,
        "INACTIVE": 14.451424306505784,
        "INVALID": 0.012439358129120538,
        "MALICIOUS": 0.0,
        "SANE": 0.0,
        "VALID": 0.0,
        "total": 100.0
    }
}