{
    "counter": {
        "ACTIVE": 20327,
        "INACTIVE": 3607,
        "INVALID": 2,
        "MALICIOUS": 0,
        "SANE": 0,
        "VALID": 0,
        "total": 23936
    },
    "percentage": {
        "ACTIVE": 84.92229278074866,
        "INACTIVE": 15.172674883270938,
        "INVALID": 0.014702639123722707,
        "MALICIOUS": 0,
        "SANE": 0,
        "VALID": 0,
        "total": 100.10967030314333
    }
}