{
    "counter": {
        "ACTIVE": 26444,
        "INACTIVE": 4638,
        "INVALID": 3,
        "MALICIOUS": 0,
        "SANE": 0,
        "VALID": 0,
        "total": 31085
    },
    "percentage": {
        "ACTIVE": 85.069969438636,
        "INACTIVE": 14.92037960431076,
        "INVALID": 0.009650957053241113,
        "MALICIOUS": 0.0,
        "SANE": 0.0,
        "VALID": 0.0,
        "total": 99.99999999999999
    }
}