{
    "counter": {
        "ACTIVE": 42439,
        "INACTIVE": 6762,
        "INVALID": 6,
        "MALICIOUS": 0,
        "SANE": 0,
        "VALID": 0,
        "total": 49207
    },
    "percentage": {
        "ACTIVE": 86.24585932895727,
        "INACTIVE": 13.74194728392302,
        "INVALID": 0.012193387119718738,
        "MALICIOUS": 0.0,
        "SANE": 0.0,
        "VALID": 0.0,
        "total": 100.00000000000001
    }
}