{
    "counter": {
        "ACTIVE": 43749,
        "INACTIVE": 7286,
        "INVALID": 6,
        "MALICIOUS": 0,
        "SANE": 0,
        "VALID": 0,
        "total": 51041
    },
    "percentage": {
        "ACTIVE": 85.71344605317294,
        "INACTIVE": 14.274798691248213,
        "INVALID": 0.011755255578848376,
        "MALICIOUS": 0.0,
        "SANE": 0.0,
        "VALID": 0.0,
        "total": 100.0
    }
}