{
    "counter": {
        "ACTIVE": 17687,
        "INACTIVE": 3463,
        "INVALID": 2,
        "MALICIOUS": 0,
        "SANE": 0,
        "VALID": 0,
        "total": 21152
    },
    "percentage": {
        "ACTIVE": 83.61857034795764,
        "INACTIVE": 16.4740021882879,
        "INVALID": 0.014702639123722707,
        "MALICIOUS": 0,
        "SANE": 0,
        "VALID": 0,
        "total": 100.10727517536927
    }
}