{
    "counter": {
        "ACTIVE": 17189,
        "INACTIVE": 3458,
        "INVALID": 2,
        "MALICIOUS": 0,
        "SANE": 0,
        "VALID": 0,
        "total": 20649
    },
    "percentage": {
        "ACTIVE": 83.24374061697903,
        "INACTIVE": 16.77175283732661,
        "INVALID": 0.014702639123722707,
        "MALICIOUS": 0,
        "SANE": 0,
        "VALID": 0,
        "total": 100.03019609342937
    }
}