{
    "counter": {
        "ACTIVE": 32008,
        "INACTIVE": 5174,
        "INVALID": 4,
        "MALICIOUS": 0,
        "SANE": 0,
        "VALID": 0,
        "total": 37186
    },
    "percentage": {
        "ACTIVE": 86.07540472220728,
        "INACTIVE": 13.913838541386543,
        "INVALID": 0.010756736406174366,
        "MALICIOUS": 0.0,
        "SANE": 0.0,
        "VALID": 0.0,
        "total": 100.0
    }
}