{
    "counter": {
        "ACTIVE": 32231,
        "INACTIVE": 5199,
        "INVALID": 4,
        "MALICIOUS": 0,
        "SANE": 0,
        "VALID": 0,
        "total": 37434
    },
    "percentage": {
        "ACTIVE": 86.10087086605759,
        "INACTIVE": 13.888443660843084,
        "INVALID": 0.010685473099321472,
        "MALICIOUS": 0.0,
        "SANE": 0.0,
        "VALID": 0.0,
        "total": 99.99999999999999
    }
}