{
    "counter": {
        "ACTIVE": 31068,
        "INACTIVE": 4964,
        "INVALID": 4,
        "MALICIOUS": 0,
        "SANE": 0,
        "VALID": 0,
        "total": 36036
    },
    "percentage": {
        "ACTIVE": 86.21378621378621,
        "INACTIVE": 13.777025339291166,
        "INVALID": 0.012046741356463078,
        "MALICIOUS": 0.0,
        "SANE": 0.0,
        "VALID": 0.0,
        "total": 100.00285829443384
    }
}