{
    "counter": {
        "ACTIVE": 44251,
        "INACTIVE": 7486,
        "INVALID": 6,
        "MALICIOUS": 0,
        "SANE": 0,
        "VALID": 0,
        "total": 51743
    },
    "percentage": {
        "ACTIVE": 85.52074676767872,
        "INACTIVE": 14.467657460912587,
        "INVALID": 0.011595771408692963,
        "MALICIOUS": 0.0,
        "SANE": 0.0,
        "VALID": 0.0,
        "total": 100.0
    }
}