{
    "counter": {
        "ACTIVE": 36430,
        "INACTIVE": 5384,
        "INVALID": 4,
        "MALICIOUS": 0,
        "SANE": 0,
        "VALID": 0,
        "total": 41818
    },
    "percentage": {
        "ACTIVE": 87.1155961547659,
        "INACTIVE": 12.874838586254723,
        "INVALID": 0.009565258979386867,
        "MALICIOUS": 0.0,
        "SANE": 0.0,
        "VALID": 0.0,
        "total": 100.00000000000001
    }
}