{
    "counter": {
        "ACTIVE": 32948,
        "INACTIVE": 5239,
        "INVALID": 4,
        "MALICIOUS": 0,
        "SANE": 0,
        "VALID": 0,
        "total": 38191
    },
    "percentage": {
        "ACTIVE": 86.27163467832736,
        "INACTIVE": 13.717891649865152,
        "INVALID": 0.010473671807493912,
        "MALICIOUS": 0.0,
        "SANE": 0.0,
        "VALID": 0.0,
        "total": 100.0
    }
}