{
    "counter": {
        "ACTIVE": 35746,
        "INACTIVE": 5358,
        "INVALID": 4,
        "MALICIOUS": 0,
        "SANE": 0,
        "VALID": 0,
        "total": 41108
    },
    "percentage": {
        "ACTIVE": 86.95631020725892,
        "INACTIVE": 13.033959326651747,
        "INVALID": 0.009730466089325679,
        "MALICIOUS": 0.0,
        "SANE": 0.0,
        "VALID": 0.0,
        "total": 99.99999999999999
    }
}