{
    "counter": {
        "ACTIVE": 27516,
        "INACTIVE": 4648,
        "INVALID": 4,
        "MALICIOUS": 0,
        "SANE": 0,
        "VALID": 0,
        "total": 32168
    },
    "percentage": {
        "ACTIVE": 85.5384232777916,
        "INACTIVE": 14.449142004476498,
        "INVALID": 0.012434717731907486,
        "MALICIOUS": 0.0,
        "SANE": 0.0,
        "VALID": 0.0,
        "total": 100.0
    }
}