{
    "counter": {
        "ACTIVE": 27016,
        "INACTIVE": 4646,
        "INVALID": 4,
        "MALICIOUS": 0,
        "SANE": 0,
        "VALID": 0,
        "total": 31666
    },
    "percentage": {
        "ACTIVE": 85.3154803259016,
        "INACTIVE": 14.671887829217457,
        "INVALID": 0.012631844880944862,
        "MALICIOUS": 0.0,
        "SANE": 0.0,
        "VALID": 0.0,
        "total": 100.0
    }
}