{
    "counter": {
        "ACTIVE": 19291,
        "INACTIVE": 3542,
        "INVALID": 2,
        "MALICIOUS": 0,
        "SANE": 0,
        "VALID": 0,
        "total": 22835
    },
    "percentage": {
        "ACTIVE": 84.47996496606088,
        "INACTIVE": 15.513994130787088,
        "INVALID": 0.014702639123722707,
        "MALICIOUS": 0,
        "SANE": 0,
        "VALID": 0,
        "total": 100.00866173597169
    }
}