{
    "counter": {
        "ACTIVE": 49281,
        "INACTIVE": 8338,
        "INVALID": 6,
        "MALICIOUS": 0,
        "SANE": 0,
        "VALID": 0,
        "total": 57625
    },
    "percentage": {
        "ACTIVE": 85.52017353579176,
        "INACTIVE": 14.469414316702819,
        "INVALID": 0.010412147505422993,
        "MALICIOUS": 0.0,
        "SANE": 0.0,
        "VALID": 0.0,
        "total": 100.0
    }
}