{
    "counter": {
        "ACTIVE": 44126,
        "INACTIVE": 7471,
        "INVALID": 6,
        "MALICIOUS": 0,
        "SANE": 0,
        "VALID": 0,
        "total": 51603
    },
    "percentage": {
        "ACTIVE": 85.51053233339147,
        "INACTIVE": 14.477840435633587,
        "INVALID": 0.011627230974943318,
        "MALICIOUS": 0.0,
        "SANE": 0.0,
        "VALID": 0.0,
        "total": 99.99999999999999
    }
}