{
    "counter": {
        "ACTIVE": 48577,
        "INACTIVE": 8257,
        "INVALID": 6,
        "MALICIOUS": 0,
        "SANE": 0,
        "VALID": 0,
        "total": 56840
    },
    "percentage": {
        "ACTIVE": 85.46270232230823,
        "INACTIVE": 14.526741731175228,
        "INVALID": 0.01055594651653765,
        "MALICIOUS": 0.0,
        "SANE": 0.0,
        "VALID": 0.0,
        "total": 99.99999999999999
    }
}