{
    "counter": {
        "ACTIVE": 47923,
        "INACTIVE": 8054,
        "INVALID": 6,
        "MALICIOUS": 0,
        "SANE": 0,
        "VALID": 0,
        "total": 55983
    },
    "percentage": {
        "ACTIVE": 85.60277227015344,
        "INACTIVE": 14.386510190593572,
        "INVALID": 0.010717539252987515,
        "MALICIOUS": 0.0,
        "SANE": 0.0,
        "VALID": 0.0,
        "total": 100.0
    }
}