{
    "counter": {
        "ACTIVE": 52334,
        "INACTIVE": 9492,
        "INVALID": 6,
        "MALICIOUS": 0,
        "SANE": 0,
        "VALID": 0,
        "total": 61832
    },
    "percentage": {
        "ACTIVE": 84.63902186570061,
        "INACTIVE": 15.351274421011773,
        "INVALID": 0.009703713287618062,
        "MALICIOUS": 0.0,
        "SANE": 0.0,
        "VALID": 0.0,
        "total": 100.0
    }
}