{
    "counter": {
        "ACTIVE": 18505,
        "INACTIVE": 3486,
        "INVALID": 2,
        "MALICIOUS": 0,
        "SANE": 0,
        "VALID": 0,
        "total": 21993
    },
    "percentage": {
        "ACTIVE": 84.14040831173556,
        "INACTIVE": 15.871425969768712,
        "INVALID": 0.014702639123722707,
        "MALICIOUS": 0,
        "SANE": 0,
        "VALID": 0,
        "total": 100.02653692062799
    }
}