{
    "counter": {
        "ACTIVE": 31003,
        "INACTIVE": 4958,
        "INVALID": 4,
        "MALICIOUS": 0,
        "SANE": 0,
        "VALID": 0,
        "total": 35965
    },
    "percentage": {
        "ACTIVE": 86.20325316279717,
        "INACTIVE": 13.80020597322348,
        "INVALID": 0.012046741356463078,
        "MALICIOUS": 0.0,
        "SANE": 0.0,
        "VALID": 0.0,
        "total": 100.01550587737711
    }
}