{
    "counter": {
        "ACTIVE": 21148,
        "INACTIVE": 3671,
        "INVALID": 2,
        "MALICIOUS": 0,
        "SANE": 0,
        "VALID": 0,
        "total": 24821
    },
    "percentage": {
        "ACTIVE": 85.20204665404295,
        "INACTIVE": 14.803613194612469,
        "INVALID": 0.014702639123722707,
        "MALICIOUS": 0,
        "SANE": 0,
        "VALID": 0,
        "total": 100.02036248777914
    }
}