{
    "counter": {
        "ACTIVE": 25184,
        "INACTIVE": 4091,
        "INVALID": 2,
        "MALICIOUS": 0,
        "SANE": 0,
        "VALID": 0,
        "total": 29277
    },
    "percentage": {
        "ACTIVE": 86.0197424599515,
        "INACTIVE": 13.973426239027223,
        "INVALID": 0.006831301021279503,
        "MALICIOUS": 0.0,
        "SANE": 0.0,
        "VALID": 0.0,
        "total": 100.0
    }
}