{
    "counter": {
        "ACTIVE": 39364,
        "INACTIVE": 6391,
        "INVALID": 6,
        "MALICIOUS": 0,
        "SANE": 0,
        "VALID": 0,
        "total": 45761
    },
    "percentage": {
        "ACTIVE": 86.02084744651559,
        "INACTIVE": 13.966040951902276,
        "INVALID": 0.013111601582133257,
        "MALICIOUS": 0.0,
        "SANE": 0.0,
        "VALID": 0.0,
        "total": 100.0
    }
}