{
    "counter": {
        "ACTIVE": 19598,
        "INACTIVE": 3567,
        "INVALID": 2,
        "MALICIOUS": 0,
        "SANE": 0,
        "VALID": 0,
        "total": 23167
    },
    "percentage": {
        "ACTIVE": 84.59446626667243,
        "INACTIVE": 15.41953054078589,
        "INVALID": 0.014702639123722707,
        "MALICIOUS": 0,
        "SANE": 0,
        "VALID": 0,
        "total": 100.02869944658204
    }
}