{
    "counter": {
        "ACTIVE": 30298,
        "INACTIVE": 4792,
        "INVALID": 4,
        "MALICIOUS": 0,
        "SANE": 0,
        "VALID": 0,
        "total": 35094
    },
    "percentage": {
        "ACTIVE": 86.33384624152276,
        "INACTIVE": 13.668777454503966,
        "INVALID": 0.012046741356463078,
        "MALICIOUS": 0.0,
        "SANE": 0.0,
        "VALID": 0.0,
        "total": 100.01467043738319
    }
}