{
    "counter": {
        "ACTIVE": 51309,
        "INACTIVE": 9392,
        "INVALID": 6,
        "MALICIOUS": 0,
        "SANE": 0,
        "VALID": 0,
        "total": 60707
    },
    "percentage": {
        "ACTIVE": 84.51908346648656,
        "INACTIVE": 15.471032994547581,
        "INVALID": 0.009883538965852373,
        "MALICIOUS": 0.0,
        "SANE": 0.0,
        "VALID": 0.0,
        "total": 100.0
    }
}