{
    "counter": {
        "ACTIVE": 24895,
        "INACTIVE": 4059,
        "INVALID": 2,
        "MALICIOUS": 0,
        "SANE": 0,
        "VALID": 0,
        "total": 28956
    },
    "percentage": {
        "ACTIVE": 85.97527282773864,
        "INACTIVE": 14.01782014090344,
        "INVALID": 0.006907031357922365,
        "MALICIOUS": 0.0,
        "SANE": 0.0,
        "VALID": 0.0,
        "total": 100.0
    }
}