{
    "counter": {
        "ACTIVE": 36589,
        "INACTIVE": 5386,
        "INVALID": 4,
        "MALICIOUS": 0,
        "SANE": 0,
        "VALID": 0,
        "total": 41979
    },
    "percentage": {
        "ACTIVE": 87.16024679006169,
        "INACTIVE": 12.830224636127587,
        "INVALID": 0.009528573810714881,
        "MALICIOUS": 0.0,
        "SANE": 0.0,
        "VALID": 0.0,
        "total": 99.99999999999999
    }
}