{
    "counter": {
        "ALIBABA.COM SINGAPORE E-COMMERCE PRIVATE LIMITED": 4,
        "Alpine Domains Inc.": 1,
        "Beget LLC": 1,
        "GoDaddy.com, LLC": 4,
        "Hostvision SRL": 1,
        "Key-Systems, LLC": 1,
        "MainReg INC.": 1,
        "Name.com, Inc.": 1,
        "NameCheap, Inc.": 23,
        "NameSilo, LLC": 2,
        "Namecheap": 10,
        "PDR Ltd": 1,
        "PDR Ltd.": 1,
        "PDR Ltd. d/b/a PublicDomainRegistry.com": 7,
        "QServers.net": 1,
        "REGISTRAR OF DOMAIN NAMES REG.RU LLC": 1,
        "Registrar of Domain Names REG.RU, LLC": 4,
        "Sav.com, LLC": 1,
        "Tucows Domains Inc.": 1,
        "West263 International Limited": 1,
        "total": 68,
        "ua.thehost": 1
    },
    "percentage": {
        "ALIBABA.COM SINGAPORE E-COMMERCE PRIVATE LIMITED": 5.882352941176471,
        "Alpine Domains Inc.": 1.4705882352941178,
        "Beget LLC": 1.4705882352941178,
        "GoDaddy.com, LLC": 5.882352941176471,
        "Hostvision SRL": 1.4705882352941178,
        "Key-Systems, LLC": 1.4705882352941178,
        "MainReg INC.": 1.4705882352941178,
        "Name.com, Inc.": 1.4705882352941178,
        "NameCheap, Inc.": 33.8235294117647,
        "NameSilo, LLC": 2.9411764705882355,
        "Namecheap": 14.705882352941176,
        "PDR Ltd": 1.4705882352941178,
        "PDR Ltd.": 1.4705882352941178,
        "PDR Ltd. d/b/a PublicDomainRegistry.com": 10.294117647058824,
        "QServers.net": 1.4705882352941178,
        "REGISTRAR OF DOMAIN NAMES REG.RU LLC": 1.4705882352941178,
        "Registrar of Domain Names REG.RU, LLC": 5.882352941176471,
        "Sav.com, LLC": 1.4705882352941178,
        "Tucows Domains Inc.": 1.4705882352941178,
        "West263 International Limited": 1.4705882352941178,
        "total": 99.99999999999997,
        "ua.thehost": 1.4705882352941178
    }
}