{
    "counter": {
        "ALIBABA.COM SINGAPORE E-COMMERCE PRIVATE LIMITED": 4,
        "Alpine Domains Inc.": 1,
        "Beget LLC": 1,
        "GoDaddy.com, LLC": 4,
        "Hostvision SRL": 1,
        "Key-Systems, LLC": 1,
        "MainReg INC.": 1,
        "Name.com, Inc.": 1,
        "NameCheap, Inc.": 23,
        "NameSilo, LLC": 2,
        "Namecheap": 10,
        "PDR Ltd": 1,
        "PDR Ltd.": 1,
        "PDR Ltd. d/b/a PublicDomainRegistry.com": 8,
        "QServers.net": 1,
        "REGISTRAR OF DOMAIN NAMES REG.RU LLC": 1,
        "Registrar of Domain Names REG.RU, LLC": 4,
        "Sav.com, LLC": 1,
        "Tucows Domains Inc.": 1,
        "West263 International Limited": 1,
        "total": 69,
        "ua.thehost": 1
    },
    "percentage": {
        "ALIBABA.COM SINGAPORE E-COMMERCE PRIVATE LIMITED": 5.797101449275362,
        "Alpine Domains Inc.": 1.4492753623188406,
        "Beget LLC": 1.4492753623188406,
        "GoDaddy.com, LLC": 5.797101449275362,
        "Hostvision SRL": 1.4492753623188406,
        "Key-Systems, LLC": 1.4492753623188406,
        "MainReg INC.": 1.4492753623188406,
        "Name.com, Inc.": 1.4492753623188406,
        "NameCheap, Inc.": 33.333333333333336,
        "NameSilo, LLC": 2.898550724637681,
        "Namecheap": 14.492753623188406,
        "PDR Ltd": 1.4492753623188406,
        "PDR Ltd.": 1.4492753623188406,
        "PDR Ltd. d/b/a PublicDomainRegistry.com": 11.594202898550725,
        "QServers.net": 1.4492753623188406,
        "REGISTRAR OF DOMAIN NAMES REG.RU LLC": 1.4492753623188406,
        "Registrar of Domain Names REG.RU, LLC": 5.797101449275362,
        "Sav.com, LLC": 1.4492753623188406,
        "Tucows Domains Inc.": 1.4492753623188406,
        "West263 International Limited": 1.4492753623188406,
        "total": 100.00000000000001,
        "ua.thehost": 1.4492753623188406
    }
}