{
    "counter": {
        "ALIBABA.COM SINGAPORE E-COMMERCE PRIVATE LIMITED": 4,
        "Alibaba Cloud Computing Ltd.": 1,
        "Alpine Domains Inc.": 1,
        "Beget LLC": 1,
        "CV. Rumahweb Indonesia": 2,
        "GoDaddy.com, LLC": 4,
        "Hostinger, UAB": 2,
        "Hostvision SRL": 1,
        "Key-Systems, LLC": 1,
        "MainReg INC.": 1,
        "NETIM sarl": 1,
        "Name.com, Inc.": 1,
        "NameCheap, Inc.": 28,
        "NameSilo, LLC": 2,
        "Namecheap": 10,
        "PDR Ltd": 1,
        "PDR Ltd.": 1,
        "PDR Ltd. d/b/a PublicDomainRegistry.com": 9,
        "QServers.net": 1,
        "REGISTRAR OF DOMAIN NAMES REG.RU LLC": 2,
        "Registrar of Domain Names REG.RU LLC": 1,
        "Registrar of Domain Names REG.RU, LLC": 7,
        "Sav.com, LLC": 1,
        "Tucows Domains Inc.": 1,
        "West263 International Limited": 1,
        "total": 84,
        "ua.thehost": 1
    },
    "percentage": {
        "ALIBABA.COM SINGAPORE E-COMMERCE PRIVATE LIMITED": 4.761904761904762,
        "Alibaba Cloud Computing Ltd.": 1.1904761904761905,
        "Alpine Domains Inc.": 1.1904761904761905,
        "Beget LLC": 1.1904761904761905,
        "CV. Rumahweb Indonesia": 2.380952380952381,
        "GoDaddy.com, LLC": 4.761904761904762,
        "Hostinger, UAB": 2.380952380952381,
        "Hostvision SRL": 1.1904761904761905,
        "Key-Systems, LLC": 1.1904761904761905,
        "MainReg INC.": 1.1904761904761905,
        "NETIM sarl": 1.1904761904761905,
        "Name.com, Inc.": 1.1904761904761905,
        "NameCheap, Inc.": 33.333333333333336,
        "NameSilo, LLC": 2.380952380952381,
        "Namecheap": 11.904761904761905,
        "PDR Ltd": 1.1904761904761905,
        "PDR Ltd.": 1.1904761904761905,
        "PDR Ltd. d/b/a PublicDomainRegistry.com": 10.714285714285714,
        "QServers.net": 1.1904761904761905,
        "REGISTRAR OF DOMAIN NAMES REG.RU LLC": 2.380952380952381,
        "Registrar of Domain Names REG.RU LLC": 1.1904761904761905,
        "Registrar of Domain Names REG.RU, LLC": 8.333333333333334,
        "Sav.com, LLC": 1.1904761904761905,
        "Tucows Domains Inc.": 1.1904761904761905,
        "West263 International Limited": 1.1904761904761905,
        "total": 102.38095238095235,
        "ua.thehost": 1.1904761904761905
    }
}