{
    "counter": {
        "ALIBABA.COM SINGAPORE E-COMMERCE PRIVATE LIMITED": 4,
        "Alibaba Cloud Computing Ltd.": 1,
        "Alpine Domains Inc.": 1,
        "Beget LLC": 2,
        "CV. Rumahweb Indonesia": 2,
        "GoDaddy.com, LLC": 4,
        "Hostinger, UAB": 2,
        "Hostvision SRL": 1,
        "Key-Systems, LLC": 1,
        "MainReg INC.": 1,
        "NETIM sarl": 1,
        "Name.com, Inc.": 1,
        "NameCheap, Inc.": 28,
        "NameSilo, LLC": 2,
        "Namecheap": 10,
        "PDR Ltd": 1,
        "PDR Ltd.": 1,
        "PDR Ltd. d/b/a PublicDomainRegistry.com": 9,
        "QServers.net": 1,
        "REGISTRAR OF DOMAIN NAMES REG.RU LLC": 2,
        "Registrar of Domain Names REG.RU LLC": 1,
        "Registrar of Domain Names REG.RU, LLC": 7,
        "Sav.com, LLC": 1,
        "Tucows Domains Inc.": 1,
        "West263 International Limited": 1,
        "total": 85,
        "ua.thehost": 1
    },
    "percentage": {
        "ALIBABA.COM SINGAPORE E-COMMERCE PRIVATE LIMITED": 4.705882352941177,
        "Alibaba Cloud Computing Ltd.": 1.1764705882352942,
        "Alpine Domains Inc.": 1.1764705882352942,
        "Beget LLC": 2.3529411764705883,
        "CV. Rumahweb Indonesia": 2.3529411764705883,
        "GoDaddy.com, LLC": 4.705882352941177,
        "Hostinger, UAB": 2.3529411764705883,
        "Hostvision SRL": 1.1764705882352942,
        "Key-Systems, LLC": 1.1764705882352942,
        "MainReg INC.": 1.1764705882352942,
        "NETIM sarl": 1.1764705882352942,
        "Name.com, Inc.": 1.1764705882352942,
        "NameCheap, Inc.": 32.94117647058823,
        "NameSilo, LLC": 2.3529411764705883,
        "Namecheap": 11.764705882352942,
        "PDR Ltd": 1.1764705882352942,
        "PDR Ltd.": 1.1764705882352942,
        "PDR Ltd. d/b/a PublicDomainRegistry.com": 10.588235294117647,
        "QServers.net": 1.1764705882352942,
        "REGISTRAR OF DOMAIN NAMES REG.RU LLC": 2.3529411764705883,
        "Registrar of Domain Names REG.RU LLC": 1.1764705882352942,
        "Registrar of Domain Names REG.RU, LLC": 8.235294117647058,
        "Sav.com, LLC": 1.1764705882352942,
        "Tucows Domains Inc.": 1.1764705882352942,
        "West263 International Limited": 1.1764705882352942,
        "total": 102.35294117647055,
        "ua.thehost": 1.1764705882352942
    }
}